﻿Symbol,Description
AACG,Ata Creativity Global
AAL,American Airlines Gp
AAME,Atlantic Amer Cp
AAOI,Applied Optoelect
AAON,Aaon Inc
AAPL,Apple Inc
AAWW,Atlas Air Ww
AAXJ,All Country Asia Ex Japan Ishares MSCI ETF
AAXN,Axon Inc
ABCB,Ameris Bancorp
ABEO,Abeona Therapeutics
ABIO,Arca Biopharma Inc
ABMD,Abiomed Inc
ABTX,Allegiance Banc CS
ABUS,Arbutus Biopharma Cp
ACAD,Acadia Pharmaceutica
ACAM,Acamar Partners Acquisition Corp Cl A
ACAMU,Acamar Partners Acquisition Corp Units
ACAMW,Acamar Partners Acquisition Corp WT
ACBI,Atlantic Capital
ACER,Acer Therapeutics Inc
ACGL,Arch Capital Grp Ltd
ACGLO,Arch Capital Group Ltd ADR
ACGLP,Arch Capital Group Ltd
ACHC,Acadia Healthcr Company
ACHV,Achieve Life Sciences Inc
ACIA,Acacia Communica
ACIU,AC Immune S.A.
ACIW,Aci Worldwide Inc
ACLS,Axcelis Tech Inc
ACMR,Acm Research Inc
ACNB,Acnb Corp
ACOR,Acorda Therapeutics
ACRS,Aclaris Therapts
ACRX,Acelrx Pharmaceutica
ACST,Acasti Pharma
ACT,Advisorshares Vice ETF
ACTG,Acacia Res-Acacia
ACTT,Act II Global Acquisition Corp Cl A
ACTTU,Act II Global Acquisition Corp Unit
ACTTW,Act II Global Acquisition Corp WT
ACWI,ACWI Ishares MSCI ETF
ACWX,ACWI Ex US Ishares MSCI ETF
ADAP,Adaptimmune Ther Ads
ADBE,Adobe Systems Inc
ADES,Advanced Emissions Solutions Inc
ADI,Analog Devices
ADIL,Adial Pharmaceuticals Inc
ADILW,Adial Pharmaceuticals Inc WT
ADMA,Adma Biologics
ADMP,Adamis Pharmaceuticl
ADMS,Adamas Pharma
ADP,Automatic Data Procs
ADPT,Adaptive Biotechnologies Corp
ADRE,Bldrs Emerging Markets 50 ADR Index Fund Invesco
ADRO,Aduro Biotech
ADSK,Autodesk Inc
ADTN,Adtran Inc
ADUS,Addus Homecare Corp
ADVM,Adverum Biotechnlgs
ADXN,Addex Therapeutics Ltd ADR
ADXS,Advaxis Inc
AEGN,Aegion Corp
AEHR,Aehr Test Systems
AEIS,Advanced Energy
AEMD,Aethlon Medical
AERI,Aerie Pharmaceuticals
AESE,Allied Esports Entertainment Inc
AEY,Addvantage Techs Group
AEYE,Audioeye Inc
AEZS,Aeterna Zentaris
AFH,Atlas Financial Hlds
AFIN,American Finance Trust Inc Cl A
AFINP,American Finance Trust Inc Pfd Ser A
AFMD,Affimed N.V.
AFYA,Afya Ltd Cl A
AGBA,Agba Acquisition Ltd
AGBAR,Agba Acquisition Ltd Right
AGBAW,Agba Acquisition Ltd WT
AGEN,Agenus Inc
AGFS,Agrofresh Solutions
AGFSW,Agrofresh Sol Wrrnts
AGIO,Agios Pharmaceuticals
AGLE,Aeglea Biothera
AGMH,Agm Group Holdings Inc Cl A
AGNC,American Capital Age
AGNCM,Agnc Investment Corp Cum Red Pfd Ser D Fixed To
AGNCN,Agnc Investment Corp
AGNCO,Agnc Investment Corp Fxdfr Prf Perpetual USD 25
AGNCP,Agnc Investment Corp.
AGND,Wisdomtree Neg Duration US Agg Bond Fund
AGRX,Agile Therap
AGTC,Applied Genetic Tech
AGYS,Agilysys Inc
AGZD,Wisdomtree Int Rate US Agg Bond Fund
AHCO,Adapthealth Corp. Cl. A
AHPI,Allied Healthcare
AIA,Asia 50 Ishares ETF
AIH,Aesthetic Medical International Holdings Group L
AIHS,Senmiao Technology Ltd
AIKI,Alkido Pharma Inc.
AIMC,Altra Indtl Mtn
AIMT,Aimmune Therap
AINV,Apollo Investment Company
AIQ,Global X Future Analytics Tech ETF
AIRG,Airgain Inc
AIRR,Rba American Industrial Renaissance ETF FT
AIRT,Air T Inc
AIRTP,Air T Inc Funding Alpha Income Trust Preferred
AIRTW,Air T Inc Funding WT
AKAM,Akamai Technologies
AKBA,Akebia Therapeutics
AKCA,Akcea Therapeutics Inc
AKER,Akers Biosciences
AKRO,Akero Therapeutics Inc
AKRX,Akorn Inc
AKTS,Akoustis Technologies Inc
AKTX,Akari Therapeutics
ALAC,Alberton Acquisition Corp
ALACR,Alberton Acquisition Corporation Rights
ALACU,Alberton Acquisition Corp Unit
ALACW,Alberton Acquisition Corp WT
ALBO,Albireo Pharma Inc
ALCO,Alico Inc
ALDX,Aldeyra Therapeu
ALEC,Alector Inc
ALGN,Align Technology
ALGR,Allegro Merger Corp
ALGRR,Allegro Merger Corp Right
ALGRU,Allegro Merger Corp Unit
ALGRW,Allegro Merger Corp WT
ALGT,Allegiant Travel Com
ALIM,Alimera Sciences Inc
ALJJ,Alj Regional Hold
ALKS,Alkermes Plc
ALLK,Allakos Inc
ALLO,Allogene Therapeutics Inc
ALLT,Allot Communications
ALNA,Allena Pharmaceuticals Inc
ALNY,Alnylam Pharmaceuticals
ALOT,Astronova Inc
ALPN,Alpine Immune Sciences Inc
ALRM,Alarm.com
ALRN,Aileron Therapeutics Inc
ALRS,Alerus Financial Corp
ALSK,Alaska Commun Sys
ALT,Altimmune Inc
ALTM,Altus Midstream Company
ALTR,Altair Engineering Inc Cl A
ALTY,G-X Super Dividend Alternatives ETF
ALXN,Alexion Pharm Inc
ALYA,Alithya Group Inc Cl A
AMAG,Amag Pharmaceuticals
AMAL,Amalgamated Bk
AMAT,Applied Materials
AMBA,Ambarella Inc
AMCA,Russell 1000 Pure US Rev Ishares ETF
AMCI,Amci Acquisition Corp Cl A
AMCIU,Amci Acquisition Corp Unit
AMCIW,Amci Acquisition Corp WT
AMCX,Amc Networks Cl A
AMD,Adv Micro Devices
AMED,Amedisys Inc
AMEH,Apollo Medical Holdings Inc
AMGN,Amgen Inc
AMHC,Amplitude Healthcare Acquisition Corporation Cl
AMHCU,Amplitude Healthcare Acquisition Corp
AMHCW,Amplitude Healthcare Acquisition Corporation WT
AMKR,Amkor Technology
AMNB,American Natl Bksh
AMOT,Allied Motion Tech
AMPH,Amphastar Pharma
AMRB,American River Bkshs
AMRH,Ameri Holdings Inc
AMRHW,Ameri Holdings Inc WT
AMRK,A-Mark Precious Meta
AMRN,Amarin Corp Ads
AMRS,Amyris Inc
AMSC,Amer Superconductor
AMSF,Amerisafe Inc
AMSWA,Amer Software Inc
AMTB,Mercantil Bank Holding Cl A
AMTBB,Mercantil Bank Holding Cl B
AMTD,TD Ameritrade HD
AMTX,Aemetis Inc
AMWD,Amer Woodmark Cp
AMZN,Amazon.com Inc
ANAB,Anaptysbio Inc
ANAT,Amer Natl Insurance
ANCN,Anchiano Therapeutics Ltd ADR
ANDA,Andina Acquisition Corp III
ANDAR,Andina Acquisition Corp III Right
ANDAU,Andina Acquisition Corp III Unit
ANDAW,Andina Acquisition Corp III WT
ANDE,Andersons Inc
ANGI,Homeservices Inc
ANGL,Fallen Angel HY Bond ETF Vaneck
ANGO,Angiodynamics Inc
ANIK,Anika Therapeutics
ANIP,ANI Pharma Inc
ANIX,Anixa Biosciences Inc
ANPC,Anpac Bio-Medical Science CO ADR
ANSS,Ansys Inc
ANTE,Airnet Technology Inc
ANY,Sphere 3D Corp
AOBC,American Outdoor Brands Corp
AOSL,Alpha and Omega Semi
APDN,Applied Dna Scns
APEI,American Public Eduducation
APEN,Apollo Endosurgery Inc
APEX,Apex Global Brands Inc
APLS,Apellis Pharmaceuticals Inc
APLT,Applied Therapeutics Inc
APM,Aptorum Group Ltd Cl A
APOG,Apogee Entrpr Inc
APOP,Cellect Biotechnology Ltd
APOPW,Cellect Biotechnology Ltd
APPF,Appfolio Cl A
APPN,Appian Corp Cl A
APPS,Digital Turbine
APRE,Aprea Therapeutics Inc
APTO,Aptose Bioscns
APTX,Aptinyx Inc
APVO,Aptevo Therapeutics Inc
APWC,Asia Pacific Wire & Cable
APXT,Apex Technology Acquisition Corporation Cl A
APXTU,Apex Technology Acquisition Corp
APXTW,Apex Technology Acquisition Corporation WT
APYX,Apyx Medical Corp
AQB,Aquabounty Technologies Inc
AQMS,Aqua Metals Inc
AQST,Aquestive Therapeutics Inc
ARAV,Aravive Inc
ARAY,Accuray Incorporated
ARCB,Arcbest Corp
ARCC,Ares Capital Corp
ARCE,Arco Platform Ltd Cl A
ARCT,Arcturus Therapeutics Ltd
ARDS,Aridis Pharmaceuticals Inc
ARDX,Ardelyx Inc
AREC,American Resources Corp
ARGX,Argenx Se Ads
ARKR,Ark Restaurants Cp
ARLP,Alliance Resource Pt
ARNA,Arena Pharmaceuticals
AROW,Arrow Financial Corp
ARPO,Aerpio Pharmaceuticals Inc
ARQT,Arcutis Biotherapeutics Inc
ARTL,Artelo Biosciences Inc
ARTLW,Artelo Biosciences Inc WT
ARTNA,Artesian Res Cp A
ARTW,Art S Way MFG Company
ARVN,Arvinas Inc
ARWR,Arrowhead Pharma
ARYA,Arya Sciences Acquisiton Corp Cl A
ARYAU,Arya Sciences Acquisiton Corp Unit
ARYAW,Arya Sciences Acquisiton Corp WT
ASET,Flexshares Real Assets Allocation Index Fund
ASFI,Asta Funding Inc
ASLN,Aslan Pharmaceuticals Ltd ADR
ASMB,Assembly Biosciences
ASML,Asml Hld NY Reg
ASNA,Ascena Retail Group
ASND,Ascendis Pharma Ads
ASPS,Altisource Portfolio
ASPU,Aspen Group Inc
ASRT,Assertio Therapeutics Inc
ASRV,Ameriserv Financial
ASRVP,Ameriserv Fin Cap
ASTC,Astrotech Corp
ASTE,Astec Inds Inc
ASUR,Asure Software
ASYS,Amtech Systems Inc
ATAX,Amer First Mf Inv
ATCX,Atlas Technical Consultants Inc.
ATCXW,Atlas Technical Consultants Inc.
ATEC,Alphatec Holdings
ATEX,Pdvwireless
ATHE,Alterity Therapeutics Ltd
ATHX,Athersys Inc
ATIF,Atif Holdings Ltd
ATLC,Atlanticus Hld Cp
ATLO,Ames Natl Corp
ATNI,Atn International
ATNX,Athenex Inc
ATOM,Atomera Inc
ATOS,Atossa Genetics Inc
ATRA,Atara Biotherap
ATRC,Atricure Inc
ATRI,Atrion Corp
ATRO,Astronics Cp
ATRS,Antares Pharma
ATSG,Air Transport
ATVI,Activision Blizzard
ATXI,Avenue Therapeutics Inc
AUB,Atlantic Union Bancshares Corp
AUBN,Auburn Natl Bncp
AUDC,Audiocodes Ltd
AUPH,Aurinia Pharm Ord
AUTL,Autolus Therapeutics Plc ADR
AUTO,Autoweb Inc
AVAV,Aerovironment Inc
AVCO,Avalon Globocare
AVCT,American Virtual Cloud Tech Inc.
AVCTW,American Virtual Cloud Tech Inc. Warrants
AVDL,Avadel Pharmaceuticals Plc
AVEO,Aveo Pharmaceuticals
AVGO,Broadcom Ltd
AVGOP,Broadcom Inc 8% Prf Undated USD 1000 Ser A
AVGR,Avinger Inc
AVID,Avid Tech Inc
AVNW,Aviat Networks Inc
AVRO,Avrobio Inc
AVT,Avnet Inc
AVXL,Anavex Lf SC
AWRE,Aware Inc
AXAS,Abraxas Petro Corp
AXDX,Accelerate Diagnosti
AXGN,Axogen Inc
AXGT,Axovant Sciences Ltd
AXLA,Axcella Health Inc
AXNX,Axonics Modulation Technologies Inc
AXSM,Axsome Thera
AXTI,Axt Inc
AY,Atlantica Yield Plc
AYTU,Aytu Bioscience Inc
AZPN,Aspen Technology
AZRX,Azurrx Biopharma Inc
BAND,Bandwidth Inc
BANF,Bancfirst Corp
BANFP,Bfc Capital Trust II
BANR,Banner Corp
BANX,Stonecastle Fncl Cp
BASI,Bioanalytical Syst
BATRA,Liberty Braves CS A
BATRK,Liberty Braves CS C
BBBY,Bed Bath & Beyond
BBCP,Concrete Pumping Holdings Inc
BBGI,Beasley Brdcst Gr
BBH,Biotech Vaneck ETF
BBI,Brickell Biotech Inc
BBIO,Bridgebio Pharma Inc
BBQ,Bbq Holdings Inc
BBSI,Barrett Business S
BCBP,Bcb Bancorp Inc
BCDA,Biocardia Inc
BCDAW,Biocardia Inc WT
BCEL,Atreca Inc Cl A
BCLI,Brainstorm Cell
BCML,Bay Commercial Bk CA
BCOM,B Communications Ltd
BCOR,Blucora Inc
BCOV,Brightcove Inc
BCOW,1895 Bancorp of Wisconsin Inc
BCPC,Balchem Cp
BCRX,Biocryst Pharma Inc
BCTF,Bancorp 34 Inc
BCYC,Bicycle Therapeutics Plc ADR
BDGE,Bridge Bancorp Inc
BDSI,Biodelivery Sci Intl
BDTX,Black Diamond Therapeutics Inc
BEAM,Beam Therapeutics Inc
BEAT,Biotelemetry Inc
BECN,Beacon Roofing Suppl
BELFA,Bel Fuse Cl A
BELFB,Bel Fuse Inc Cl B
BFC,Bank First National Corp [Wisconsin]
BFIN,Bankfinancial Corp
BFIT,G-X Health & Wellness Thematic Et
BFRA,Biofrontera Ag ADR
BFST,Business First Bancshares Inc
BFYT,Benefytt Technologies Inc.
BGCP,Bgc Partners Cl A
BGFV,Big 5 Sporting
BGNE,Beigene Ltd Ads
BGRN,Ishares Global Green Bond ETF
BHAT,Blue Hat Interactive Entertainment Tech
BHF,Brighthouse Financial Inc
BHFAL,Brighthouse Financial Inc 6.25% Junior Subordi
BHFAP,Brighthouse Financial Inc Dep Shs Repstg 1/1000T
BHTG,Biohitech Global Inc
BIB,Ultra Nasdaq Biotech Proshares
BICK,BICK Index Fund FT
BIDU,Baidu Inc
BIIB,Biogen Inc
BILI,Bilibili Inc ADR
BIMI,NF Energy Saving Corp
BIOC,Biocept Inc
BIOL,Biolase Inc
BIS,Ultrashort Biotechnology Proshares
BJK,Gaming ETF Vaneck
BJRI,Bj's Restaurants Inc
BKCC,Blackrock Cptl Invt
BKEP,Blueknight Energy LP
BKEPP,Blueknight Srs A Uts
BKNG,Booking Holdings Inc
BKSC,Bank of So Car Cp
BKYI,Bio-Key Intl Inc
BL,Blackline Inc
BLBD,Blue Bird Corp
BLCM,Bellicum Pharma Comm
BLCN,Reality Shares Nasdaq Nextgen Economy ETF
BLDP,Ballard Power Sys
BLDR,Builders Firstsource
BLFS,Biolife Solutions
BLIN,Bridgeline Digital
BLKB,Blackbaud Inc
BLMN,Bloomin' Brands Inc
BLNK,Blink Charging Company
BLNKW,Blink Charging Co. WT
BLPH,Bellerophon Ther Com
BLRX,Biolinerx Ltd
BLU,Bellus Health Inc
BLUE,Bluebird Bio
BMCH,Bmc Stock Holdings
BMLP,Dorsey Wright MLP Index ETN
BMRA,Biomerica Inc
BMRC,Bank of Marin Bancrp
BMRN,Biomarin Pharmaceuticals
BMTC,Bryn Mawr Bank Corp
BND,Total Bond Market ETF Vanguard
BNDW,Total World Bond Vanguard ETF
BNDX,Total Intl Bond ETF Vanguard
BNFT,Benefitfocus
BNGO,Bionano Genomics Inc
BNGOW,Bionano Genomics Inc WT
BNSO,Bonso Elec Intl IN
BNTC,Benitec Biopharma Ltd
BNTCW,Benitec Biopharm Wrt
BNTX,Biontech Se ADR
BOCH,Bank of Commerce Hld
BOKF,Bok Financial Corp
BOKFL,Bok Financial Corp
BOMN,Boston Omaha Corp Cl A
BOOM,Dynamic Materials
BOSC,Bos Better Online
BOTJ,Bank of The Jame Fnl
BOTZ,G-X Robotics & Artificial Intel Thmtc ETF
BOXL,Boxlight Corp Cl A
BPFH,Boston Pvt Finl Hld
BPMC,Blueprint Medicines Corp
BPOP,Popular Inc
BPOPM,Popular Inc Trust II
BPOPN,Popular Inc Trust
BPRN,Bank of Princeton
BPTH,Bio-Path Holdings
BPY,Brookfield Property Partners L
BPYPN,Brookfield Property Partners L.P. 5.75% Prf Perp
BPYPO,Brookfield Property Partners L.P. 6.375% Prf P
BPYPP,Brookfield Property Partners LP Pfd Unit Ltd Par
BPYU,Brookfield Property REIT Inc
BPYUP,Brookfield Property REIT Inc 6.375% Series A
BREW,Craft Brew Alliance
BRID,Bridgford Foods Cp
BRKL,Brookline Bancorp
BRKR,Bruker Corp
BRKS,Brooks Automation
BROG,Brooge Holdings Ltd.
BROGW,Brooge Holdings Ltd. Warrants
BRP,Brp Group Inc Cl A
BRPA,Big Rock Partners Acquisition Corp
BRPAR,Big Rock Partners Acquisition Corp Right
BRPAW,Big Rock Partners Acquisition Corp WT
BRQS,Borqs Technologies Inc
BRY,Berry Pete Corp
BSAE,Invesco Bulletshares 2021 USD EM Debt ETF
BSBE,Invesco Bulletshares 2022 USD Emerging Markets D
BSBK,Bogota Financial Corp
BSCE,Invesco Bulletshares 2023 USD EM Debt ETF
BSCK,Bs 2020 Corp Bond Invesco ETF
BSCL,Bs 2021 Corp Bond Invesco ETF
BSCM,Bs 2022 Corp Bond Invesco ETF
BSCN,Bs 2023 Corp Bond Invesco ETF
BSCO,Bs 2024 Corp Bond Invesco ETF
BSCP,Bs 2025 Corp Bond Invesco ETF
BSCQ,Bs 2026 Corp Bond Invesco ETF
BSCR,Bs 2027 Corp Bond Invesco ETF
BSCS,Invesco Bulletshares 2028 Corporate Bond ETF
BSCT,Invesco 2029 Corporate Bond ETF
BSDE,Invesco Bulletshares 2024 USD Emerging Markets D
BSET,Bassett Furniture
BSGM,Biosig Technologies
BSJK,Bs 2020 High Yield Corp Bond Invesco ETF
BSJL,Bs 2021 High Yield Corp Bond Invesco ETF
BSJM,Bs 2022 High Yield Corp Bond Invesco ETF
BSJN,Bs 2023 High Yield Corp Bond Invesco ETF
BSJO,Bs 2024 High Yield Corp Bond Invesco ETF
BSJP,Bs 2025 High Yield Corp Bond Invesco ETF
BSJQ,Invesco Bulletshares 2026 High Yield Corporate B
BSJR,Invesco 2027 High Yield Corporate Bond ETF
BSML,Invesco Bulletshares 2021 Municipal Bond ETF
BSMM,Invesco Bulletshares 2022 Municipal Bond ETF
BSMN,Invesco Bulletshares 2023 Municipal Bond ETF
BSMO,Invesco Bulletshares 2024 Municipal Bond ETF
BSMP,Invesco Bulletshares 2025 Municipal Bond ETF
BSMQ,Invesco Bulletshares 2026 Municipal Bond ETF
BSMR,Invesco Bulletshares 2027 Municipal Bond ETF
BSMS,Invesco Bulletshares 2028 Municipal Bond ETF
BSMT,Invesco Bulletshares 2029 Municipal Bond ETF
BSQR,Bsquare Corp
BSRR,Sierra Bancorp
BSTC,Biospecifics Tech Cp
BSVN,Bank7 Corp
BTAI,Bioxcel Therapeutics Inc
BTEC,Principal Healthcare Innovators Index
BUG,Global X Cybersecurity ETF
BURG,Chanticleer Hlds
BUSE,First Busey Corp
BVSN,Broadvision Inc
BVXV,Biondvax Pharma Ads
BVXVW,Biondvax Pharma WT
BWAY,Brainsway Ltd ADR
BWB,Bridgewater Bancshares Inc
BWEN,Broadwind Energy Inc
BWFG,Bankwell Financial
BWMX,Betterware DE Mexico Da DE Cv
BXRX,Baudax Bio Inc
BYFC,Broadway Fin Cp
BYND,Beyond Meat Inc
BYSI,Beyondspring Inc
BZUN,Baozun Inc Ads
CAAS,China Automotive Sys
CABA,Cabaletta Bio Inc
CAC,Camden Natl Cp
CACC,Credit Acceptance
CACG,Legg Clearbridge All Cap Growth ETF
CAKE,Cheesecake Fact
CALA,Calithera Biosci Com
CALB,California Bancorp
CALM,Cal-Maine Foods IN
CAMP,Calamp Corp
CAMT,Camtek Ltd
CAN,Canaan Inc ADR
CAPR,Capricor Therap
CAR,Avis Budget Group
CARA,Cara Therapeutics
CARE,Carter Bank&Tr [Va]
CARG,Cargurus Inc Cl A
CARO,Carolina Financial Corp
CARV,Carver Bancorp
CARZ,Nasdaq Global Auto Index Fund FT
CASA,Casa Systems Inc
CASH,Meta Financial Group
CASI,Casi Phrmactcls Inc
CASS,Cass Information Sys
CASY,Casey's General Stor
CATB,Catabasis Pharma
CATC,Cambridge Bancorp
CATH,G-X S&P 500 Catholic Values ETF
CATM,Cardtronics Inc
CATS,Catasys Inc
CATY,Cathay Genl Bncp
CBAN,Colony Bankcorp Inc
CBAT,Cbak Energy Technology Inc
CBAY,Cymabay Therapeutics
CBFV,Cb Financial Svc
CBIO,Catalyst Bio
CBLI,Cleveland Biolabs
CBMB,Cbm Bancorp Inc
CBMG,Cellular Biomedicine
CBNK,Capital Bancorp Inc
CBPO,China Biologic Produ
CBRL,Cracker Barrel
CBSH,Commerce Bancshares
CBSHP,Commerce BNC B Dep
CBTX,Cbtx Inc
CCAP,Crescent Capital Bdc Inc.
CCB,Coastal Financial Corp
CCBG,Capital City Bank Gr
CCCL,China Ceramics Company
CCD,Calams Dy Cnv IN
CCLP,CSI Compressco
CCMP,Cabot Microelectron
CCNE,Cnb Financial Corp
CCOI,Cogent Comm Hlds
CCRC,China Customer Ord
CCRN,Cross Ctry Hlthcr
CCXI,Chemocentryx Inc
CDC,Victory US Eqty Income Ehnd Vol Wtd ETF
CDEV,Centennial Resource Development Inc
CDK,Cdk Global Inc
CDL,Victory US Largecap HI Div Vol Wtd ETF
CDLX,Cardlytics Inc
CDMO,Avid Bioservices Inc
CDMOP,Avid Bioservices Inc
CDNA,Caredx Inc
CDNS,Cadence Design Sys
CDTX,Cidara Thera
CDW,CDW Corp
CDXC,Chromadex Corp CS
CDXS,Codexis Inc
CDZI,Cadiz Inc
CECE,C E C O Envir
CELC,Celcuity Inc
CELH,Celsius Holdings Inc
CEMI,Chembio Diagnostics
CENT,Central Garden
CENTA,Central Garden & Pet
CENX,Century Aluminum C
CERC,Cerecor Inc
CERN,Cerner Corp
CERS,Cerus Corp
CETV,Central EUR Med A
CETX,Cemtrex Inc
CETXP,Cemtrex Inc Series 1 Pfd
CETXW,Cemtrex Inc Series 1 WT
CEVA,Ceva Inc
CEY,Victoryshares Emerging Market High Div Vol Wtd E
CEZ,Victory EM Vol Wtd ETF
CFA,Victory US 500 Vol ETF
CFB,Crossfirst Bankshares Inc
CFBI,Community First Bancshares Inc
CFBK,Central Fed Cp
CFFA,Cf Finance Acquisition Corp Cl A
CFFAU,Cf Finance Acquisition Corp Unit
CFFAW,Cf Finance Acquisition Corp WT
CFFI,C&F Financial Corp
CFFN,Capitol Fed Finl Inc
CFMS,Conformis Inc CS
CFO,Victory US 500 Ehnd Vol Wtd ETF
CFRX,Contrafect
CG,The Carlyle Group
CGBD,Tcg Bdc Inc
CGEN,Compugen Ltd
CGIX,Cancer Genetics Inc
CGNX,Cognex Cp
CGO,Calamos Glb Ttl Rtn
CHCI,Comstock Hlds Cos
CHCO,City Holding Company
CHDN,Churchill Downs IN
CHEF,The Chefs Warehouse
CHEK,Check-Cap Ltd Ord
CHEKZ,Check-Cap Ltd Series C WT
CHFS,Chf Solutions Inc
CHI,Calamos Cv Opp & Inc
CHKP,Check Point Software
CHMA,Chiasma Inc
CHMG,Chemung Financial Cp
CHNA,Loncar China Biopharma ETF
CHNG,Change Healthcare Inc
CHNGU,Change Healthcare Inc Tangible Equity Units
CHNR,China Natural Res
CHPM,Chp Merger Corp. Cl A
CHPMU,Chp Merger Corp
CHPMW,Chp Merger Corp. WT
CHRS,Coherus Bio
CHRW,C.H. Robinson Ww
CHSCL,CHS B Cum Pfd Srs 4
CHSCM,CHS Pfd Clb Ser3
CHSCN,CHS Inc Pfd B Srs 2
CHSCO,CHS Inc Cl B Pfd
CHSCP,CHS Inc
CHTR,Charter Communicatio
CHUY,Chuy's Holdings Inc
CHW,Calamos Gbl Dyn Inc
CHY,Calamos Cv & High IN
CIBR,Nasdaq Cybersecurity ETF FT
CID,Victory Intl HI Div Vol Wtd ETF
CIDM,Cinedigm Corp
CIFS,China Internet Nationwide Financial Services Inc
CIGI,Colliers Intl Grp IN
CIH,China Index Holdings Ltd
CIIC,Ciig Merger Corp Cl A
CIICU,Ciig Merger Corp. Units
CIICW,Ciig Merger Corp. Warrants
CIL,Victory Intl Vol Wtd ETF
CINF,Cincinnati Financial
CIVB,Civista Bncshrs
CIZ,Victory Dev Enhd Vol Wtd ETF
CIZN,Citizens Hld Company
CJJD,China Jojo Drugstore
CKPT,Checkpoint Therapeutics Inc
CLAR,Clarus Corp
CLBK,Columbia Financial Inc
CLBS,Caladrius Bio
CLCT,Collectors Universe
CLDB,Cortland Bncp Crtld Ohio
CLDX,Celldex Therapeutics
CLFD,Clearfield Inc
CLGN,Collplant Biotechnologies Ltd
CLIR,Clearsign Combustion
CLLS,Cellectis S.A. ADR
CLMT,Calumet Specialty Pr
CLNE,Clean Energy Fuels
CLOU,Global X Cloud Computing ETF
CLPS,Clps Incorp
CLPT,Clearpoint Neuro Inc.
CLRB,Cellectar Biosc
CLRBZ,Cellectar Bio Sra WT
CLRG,IQ Chaikin U.S. Large Cap ETF
CLRO,Clearone Inc
CLSD,Clearside Biomedi
CLSK,Cleanspark Inc
CLSN,Celsion Corp
CLUB,Town Sports International
CLVS,Clovis Oncology Inc
CLWT,Euro Tech Hld
CLXT,Calyxt Inc
CMBM,Cambium Networks Corp
CMCO,Columbus Mckinnon
CMCSA,Comcast Corp A
CMCT,Cim Commercial TR Cp
CMCTP,Cim Commercial Trust Corp Series L
CME,CME Group Inc
CMFNL,Cm Finance Inc 6.125% Notes Due 2023
CMLS,Cumulus Media Inc Cl A
CMPR,Cimpress N.V. Ord
CMRX,Chimerix Inc
CMTL,Comtech Telecom Company
CNAT,Conatus Pharmaceutic
CNBKA,Century Bancorp Inc
CNCE,Concert Pharmaceutic
CNCR,Loncar Cancer Immunotherapy ETF
CNDT,Conduent Inc
CNET,Chinanet Online Hld
CNFR,Conifer Holdings
CNFRL,Conifer Holdings Inc 6.75% Senior Unsecured No
CNNB,Cincinnati Bancorp
CNOB,Connectone Bancorp
CNSL,Consolidated Communications Holdings Inc
CNSP,Cns Pharmaceuticals Inc
CNST,Constellation Pharmaceuticals Inc
CNTG,Centogene N.V.
CNTY,Century Casinos IN
CNXN,PC Connection Inc
COCP,Cocrystal Pharma Inc
CODA,Coda Octopus Group
CODX,Co-Diagnostics Inc
COFS,Choiceone Financial
COHR,Coherent Inc
COHU,Cohu Inc
COKE,Coca Cola Bot Cons
COLB,Columbia Banking Sys
COLL,Collegium Pharma
COLM,Columbia Sprtswr
COMM,Commscope Holding Company
COMT,Commodities Select Strategy Ishares ETF
CONE,Cyrusone Inc
CONN,Conn's Inc
COOP,Mr.Cooper Group Inc
CORE,Core Mark Holding
CORT,Corcept Therapeutics
CORV,Correvio Pharma Corp
COST,Costco Wholesale
COUP,Coupa Software Inc
COWN,Cowen Group Inc
COWNL,Cowen Inc 7.75% Senior Notes Due 2033
COWNZ,Cowen Inc 7.35% Senior Notes Due 2027
CPAA,Conyers Park II Acquisition Corp Cl A
CPAAU,Conyers Park II Acquisition Corp Unit
CPAAW,Conyers Park II Acquisition Corp WT
CPAH,Counterpath Corp
CPHC,Canterbury Park Hl
CPIX,Cumberland Pharmaceu
CPLP,Capital Product Part
CPRT,Copart Inc
CPRX,Catalyst Pharm Inc
CPSH,Cps Technologies
CPSI,Computer Programs
CPSS,Consumer Portfol
CPST,Capstone Turbine Cp
CPTA,Capitala Finance Crp
CPTAG,Capitala Finance Corp 5.75% Convertible Notes D
CPTAL,Capitala Finance Corp 6% Notes Due 2022
CPZ,Calamos Long/Short Equity & Dynamic Income Trust
CRAI,Cra International
CRBP,Corbus Pharma
CREE,Cree Inc
CREG,China Recycling Ener
CRESY,Cresud Sacif ADR
CREX,Creative Realities Inc
CREXW,Creative Realities Inc
CRIS,Curis Inc
CRMT,America's Car-Mart
CRNC,Cerence Inc
CRNT,Ceragon Networks Ltd
CRNX,Crinetics Pharmaceuticals Inc
CRON,Cronos Group Inc
CROX,Crocs Inc
CRSA,Crescent Acquisition Corp Cl A
CRSAU,Crescent Acquisition Corp Unit
CRSAW,Crescent Acquisition Corp WT
CRSP,Crispr Therapeutics Ag
CRTO,Criteo S.A. Ads
CRTX,Cortexyme Inc
CRUS,Cirrus Logic Inc
CRVL,Corvel Cp
CRVS,Corvus Pharma Com
CRWD,Crowdstrike Holdings Inc
CRWS,Crown Crafts Inc
CSA,Victory US Smallcap Vol Wtd ETF
CSB,Victory US Smallcap HI Div Vol Wtd ETF
CSBR,Champions Oncolog
CSCO,Cisco Systems Inc
CSF,Victory US Disc Enhd Vol Wtd ETF
CSFL,Centerstate Bank Corp
CSGP,Costar Group Inc
CSGS,C S G Sys Intl
CSII,Cardiovascular Syst
CSIQ,Canadian Solar Inc
CSML,IQ Chaikin U.S. Small Cap ETF
CSOD,Cornerstone Ondemand
CSPI,C S P Inc
CSQ,Calamos Strgc Ttl Rt
CSSE,Chicken Soup For The Soul Entertainment Inc
CSSEP,Chicken Soup For The Soul Entertainment Inc 9.
CSTE,Caesarstone Sdot-Yam
CSTL,Castle Biosciences Inc
CSTR,Capstar Financial Holdings Inc
CSWC,Capital Southwest
CSWCL,Capital Southwest Corp 5.95% Notes Due 20
CSWI,Csw Industrials Inc
CSX,CSX Corp
CTAS,Cintas Corp
CTBI,Community TR Bancp
CTG,Computer Task Gp Inc
CTHR,Charles & Colvard
CTIB,Cti Inds Corp
CTIC,Cti Biopharm Corp
CTMX,Cytomx Thera
CTRC,Centric Brands Inc
CTRE,Caretrust REIT Inc
CTRM,Castor Maritime Inc
CTRN,Citi Trends Inc
CTSH,Cognizant Tech Sol
CTSO,Cytosorbents Cor
CTXR,Citius Pharmaceuticals Inc
CTXRW,Citius Pharmaceuticals Inc WT
CTXS,Citrix Systems Inc
CUBA,Herzfeld Caribbean
CUE,Cue Biopharma Inc
CUI,Cui Global Inc
CUTR,Cutera Inc
CVBF,Cvb Financial Corp
CVCO,Cavco Inds Inc
CVCY,Central Vly Cmty Bcp
CVET,Covetrus Inc
CVGI,Commercial Vehicle G
CVGW,Calavo Growers Inc
CVLT,Commvault Systems
CVLY,Codorus Valley Bncp
CVTI,Covenant Transportn
CVV,CVD Equipment Corp
CWBC,Community West Bncsh
CWBR,Cohbar Inc
CWCO,Cons Water Co. Inc
CWST,Casella Waste Sys
CXDC,China Xd Plastics Company
CXSE,Wisdomtree China Ex-Cso Fund
CY,Cypress Semiconductor
CYAD,Celyad Sa Ads
CYAN,Cyanotech Corp
CYBE,Cyberoptics Cp
CYBR,Cyberark Soft Ord
CYCC,Cyclacel Pharmaceuti
CYCCP,Cyclacel Pharmaceuti
CYCN,Cyclerion Therapeutics Inc
CYOU,Changyou.com Ltd
CYRN,Cyren Ltd
CYRX,Cryoport Inc
CYRXW,Cryoport Inc WT
CYTK,Cytokinetics
CZNC,Citizens Nrthn Cp
CZR,Caesars Entertainment Corp
CZWI,Citizens Community
DAIO,Data I O Cp
DAKT,Daktronics Inc
DALI,First Trust Dorseywright Dali 1 ETF
DARE,Dare Bioscience Inc
DAX,DAX Germany ETF
DBVT,Dbv Technologies Ads
DBX,Dropbox Inc
DCAR,Dropcar Inc
DCIX,Diana Containerships Inc
DCOM,Dime Community Bncsh
DCOMP,Dime Community Bancshares
DCPH,Deciphera Pharmaceuticals Inc
DDIV,First Trust High Income ETF
DDOG,Datadog Inc Cl A
DEAC,Diamond Eagle Acquisition Cl A
DEACU,Diamond Eagle Acquisition Corp Unit
DEACW,Diamond Eagle Acquisition Corp WT
DENN,Dennys Corp
DFFN,Diffusion Pharmaceuticals Inc
DFNL,Davis Select Financial ETF
DFPHU,Dfp Healthcare Acquisitions Corp
DGICA,Donegal Group Cl A
DGICB,Donegal Group Cl B
DGII,Digi Intl Inc
DGLD,VS 3X Inv Gold
DGLY,Digital Ally Inc
DGRE,Wisdomtree EM Quality Divd Growth Fund
DGRS,Wisdomtree US Smallcap Quality Dvid Fund
DGRW,Wisdomtree US Quality Divd Fund
DHC,Diversified Healthcare Trust
DHCNI,Diversified Healthcare Trust
DHCNL,Diversified Healthcare Trust
DHIL,Diamond Hill Inv
DINT,Davis Select International ETF
DIOD,Diodes Inc
DISCA,Discovery Comm A
DISCB,Discovery Comm B
DISCK,Discovery Comm Inc
DISH,Dish Network Corp
DJCO,Daily Journal Cp
DLHC,Dlh Holdings Corp
DLPN,Dolphin Entertainment Inc
DLPNW,Dolphin Entertainment Inc WT
DLTH,Duluth Hld Cl B
DLTR,Dollar Tree Inc
DMAC,Diamedica Therapeutics Inc
DMLP,Dorchester Minls
DMPI,Delmar Pharmaceuticals Inc
DMRC,Digimarc Corp
DMTK,Dermtech Inc
DNJR,Golden Bull Limited
DNKN,Dunkin' Brands Group
DNLI,Denali Therapeutics Inc
DOCU,Docusign Inc
DOGZ,Dogness Corp Cl A
DOMO,Domo Inc Cl B
DOOO,Brp Inc
DORM,Dorman Products Inc
DOX,Amdocs Ltd Ord
DOYU,Douyu International Holdings Ltd Ads
DPHC,Diamondpeak Holdings Corp Cl A
DPHCU,Diamondpeak Holdings Corp Units
DPHCW,Diamondpeak Holdings Corp Wt6
DRAD,Digirad Corp
DRADP,Digirad Corp Series A Cumulative Perpetua
DRIO,Dario Health Corp
DRIOW,Labstyle Innovati WT
DRIV,Global X Autonomous & Electric Vehicles ETF
DRNA,Dicerna Pharmaceutic
DRRX,Durect Corp
DRTT,Dirtt Environmental Solutions Ltd
DSGX,Descartes Sys Group
DSKE,Daseke Inc
DSKEW,Daseke Inc
DSLV,VS 3X Inv Silver
DSPG,D S P Group Inc
DSWL,Deswell Inds Inc
DTEA,Davidstea Inc
DTIL,Precision Biosciences Inc
DTSS,Datasea Inc
DUO,Fangdd Network Group Ltd ADR
DUOT,Duos Technologies Group Inc
DUSA,Davis Select USA ETF
DVAX,Dynavax Technologies
DVLU,First Trust Momentum & Value ETF
DVOL,First Trust Momentum & Low Volatility ETF
DVY,Select Dividend Ishares ETF
DWAS,DWA Smallcap Momentum Invesco ETF
DWAT,Arrow DWA Tactic ETF
DWAW,Advisorshares Dorsey Wright Fsm All Cap World Et
DWCR,Arrow DWA Country Rotation ETF
DWEQ,Advisorshares Dorsey Wright Alpha Equal Weight E
DWFI,DW Fixed Income Allocation ETF SPDR
DWLD,Davis Select World Opportunities ETF
DWMC,Advisorshares D.W. Micro-Cap ETF
DWPP,First Trust Dorsey Wright People's Portfolio ETF
DWSH,Advisorshares D.W. Short ETF
DWSN,Dawson Geophscl
DWUS,Advisorshares Dorsey Wright Fsm US Core ETF
DXCM,Dexcom
DXGE,Wisdomtree Germany Hedged Eqty Fund
DXJS,Wisdomtree Japan Smallcap Eqty Hedged Fund
DXLG,Destination XL Group
DXPE,Dxp Enterprise
DXYN,The Dixie Group
DYAI,Dyadic International
DYNT,Dynatronics Cp
DZSI,Dasan Zhone Solutions Inc
EA,Electronic Arts Inc
EARS,Auris Medical
EAST,Eastside Distilling Inc
EBAY,Ebay Inc
EBAYL,Ebay Inc 6.0% NTS
EBIX,Ebix Inc
EBIZ,Global X E-Commerce ETF
EBMT,Eagle Bancorp [Mt]
EBSB,Meridian Bncp
EBTC,Enterprise Bancorp
ECHO,Echo Global Logistic
ECOL,US Ecology Inc
ECOLW,US Ecology Inc WT
ECOR,Electrocore Inc
ECOW,Pacer Emerging Markets Cash Cows 100 ETF
ECPG,Encore Capital Group
EDAP,Edap Tms Sa ADR
EDIT,Editas Medicine
EDNT,Edison Nation Inc
EDRY,Eurodry Ltd
EDSA,Edesa Biotech Inc
EDTX,Edtechx Holdings Acquisition Corp
EDTXU,Edtechx Holdings Acquisition Corp Unit
EDTXW,Edtechx Holdings Acquisition Corp WT
EDUC,Educational Dev Cp
EEFT,Euronet Worldwide
EEMA,Emrg Mkts Asia Ishares MSCI ETF
EFAS,G-X MSCI Superdividend EAFE ETF
EFOI,Energy Focus
EFSC,Enterprises Finl Svc
EGAN,Egain Corp
EGBN,Eagle Bancorp Inc
EGLE,Eagle Bulk Ship
EGOV,Nic Inc
EGRX,Eagle Pharmaceuticals
EH,Ehang Holdings Ltd Ads
EHTH,Ehealth Inc
EIDX,Eidos Therapeutics Inc
EIGI,Endurance Int Group
EIGR,Eiger Biopharma
EKSO,Ekso Bionics Holdings Inc
ELGX,Endologix Inc
ELOX,Eloxx Pharmaceuticals Inc
ELSE,Electro Sensors IN
ELTK,Eltek Ltd
EMB,USD Emrg Mkts Bond Ishares JPM ETF
EMCB,Wisdomtree EM Corp Bond Fund
EMCF,Emclaire Finl Cor
EMCG,Wisdomtree EM Consumer Growth
EMIF,Emrg Mkts Infrastructure Ishares ETF
EMKR,Emcore Corp
EML,Eastern Company
EMMS,Emmis Commun Cl A
EMXC,Emrg Mkts Ex China Ishares MSCI ETF
ENDP,Endo Int'l Plc
ENG,Englobal Corp
ENLV,Enlivex Therapeutics Ltd
ENOB,Enochian Biosciences Inc
ENPH,Enphase Energy Inc
ENSG,The Ensign Group IN
ENT,Global Eagle Entrtn
ENTA,Enanta Pharmaceutica
ENTG,Entegris Inc
ENTX,Entera Bio Ltd
ENTXW,Entera Bio Ltd WT
ENZL,New Zealand Ishares MSCI ETF
EOLS,Evolus Inc
EPAY,Bottomline Tech IN
EPIX,Essa Pharma
EPSN,Epsilon Energy
EPZM,Epizyme Inc
EQ,Equillium Inc
EQBK,Equity Bncsrs Cm A
EQIX,Equinix Inc
EQRR,Proshares Equities For Rising Rates ETF
ERI,Eldorado Resorts
ERIC,Ericsson ADR
ERIE,Erie Indemnity Company
ERII,Energy Recovery Inc
ERYP,Erytech Pharma
ESBK,Elmira Sav Bk
ESCA,Escalade Inc
ESEA,Euroseas Ltd
ESGD,EAFE ESG Optimized Ishares MSCI ETF
ESGE,Emrg Mkts ESG Optimized Ishares MSCI ETF
ESGR,Enstar Group Ltd
ESGRO,Enstar Group Ltd Depository Shares 7.00% Per
ESGRP,Enstar Group Ltd
ESGU,USA ESG Optimized Ishares MSCI ETF
ESLT,Elbit Systems Ltd
ESPO,Vaneck Vectors Video Gaming and Esports ETF
ESPR,Esperion Theraptc
ESQ,Esquire Financial Holdings Inc
ESSA,Essa Bancorp Inc
ESSC,East Stone Acquisition Corp
ESSCR,East Stone Acquisition Corporation Right
ESSCU,East Stone Acquisition Corp
ESSCW,East Stone Acquisition Corporation WT
ESTA,Establishment Labs Holdings Inc
ESXB,Community Bankers
ETFC,E*Trade Finl Corp
ETNB,89Bio Inc
ETON,Eton Pharmaceutcials Inc
ETSY,Etsy Inc
ETTX,Entasis Therapeutics Holdings Inc
EUFN,Europe Financials Ishares MSCI ETF
EVBG,Everbridge Inc
EVER,Everquote Inc Cl A
EVFM,Evofem Biosciences Inc
EVGN,Evogene Ltd Ord
EVK,Ever Glory Intl Group
EVLO,Evelo Biosciences Inc
EVOK,Evoke Pharma
EVOL,Evolving Systems Inc
EVOP,Evo Payments Inc Cl A
EVSI,Envision Solar International Inc
EVSIW,Envision Solar Intl Inc WT
EWBC,East West Bancorp
EWJE,Ishares MSCI Japan Equal Weighted ETF
EWJV,Ishares MSCI Japan Value ETF
EWZS,Brazil Small-Cap Ishares MSCI ETF
EXAS,Exact Sciences Cor
EXC,Exelon Corp
EXEL,Exelixis Inc
EXFO,Exfo Inc
EXLS,Exlservice Holdings
EXPC,Experience Investment Corp. Cl A
EXPCU,Experience Investment Corp
EXPCW,Experience Investment Corp. Warrants
EXPD,Expeditors Intl
EXPE,Expedia Group Inc
EXPI,Exp Realty International
EXPO,Exponent Inc
EXTR,Extreme Networks
EYE,National Vision Holdings Inc
EYEG,Eyegate Pharma
EYEGW,Eyegate Pharm WT
EYEN,Eyenovia Inc
EYES,Second Sight
EYESW,Second Sight Medical Products Inc WT
EYPT,Eyepoint Pharmaceuticals Inc
EZPW,Ezcorp Inc
FAAR,Alternative Absolute Return Strategy ETF FT
FAB,Multi Cap Value Alphadex Fund FT
FAD,Multicap Growth Alphadex Fund FT
FALN,US Fallen Angels Ishares ETF
FAMI,Farmmi Inc
FANG,Diamondback Energy
FANH,Fanhua Inc
FARM,Farmer Brothers
FARO,Faro Tech Inc
FAST,Fastenal Company
FAT,Fat Brands Inc
FATE,Fate Therapeutics
FB,Facebook Inc
FBIO,Fortress Biotech Inc
FBIOP,Fortress Biotech Inc 9.375% Series A Cumulativ
FBIZ,First Business Finan
FBMS,First Bancshs [Ms]
FBNC,First Bancorp [Nc]
FBSS,Fauquier Bankshares
FBZ,Brazil Alphadex Fund FT
FCA,China Alphadex Fund FT
FCAL,First Trust Exchange-Traded Fund III First Trust
FCAN,Canada Alphadex Fund FT
FCAP,First Capital Inc
FCBC,First Community Bksh
FCBP,First Choice Bancorp
FCCO,First Community Corp
FCCY,1st Constitution Bcp
FCEF,CEF Income Opportunity ETF FT
FCEL,Fuelcell Energy Inc
FCFS,First Cash Fin Svcs
FCNCA,First Citizens Bancs
FCNCP,First Citizens Bancshares
FCVT,Ssi Strategic Convertible Securities ETF FT
FDBC,Fidelity D & D Bancorp Inc
FDEF,First Defiance Finl
FDIV,Strategic Income ETF FT
FDNI,FT DJ International Internet ETF
FDT,Dev Mkts Ex-US Alphadex Fund FT
FDTS,Dev Mkts Ex-US Small Cap Alphadex Fund FT
FDUS,Fidus Investment Cor
FDUSG,Fidus Investment Corp 5.375% Notes Due 20
FDUSL,Fidus Investment Corp 5.875% Notes Due 20
FDUSZ,Fidus Investment Corp 6% Notes Due 2024
FEIM,Frequency Elcts Inc
FELE,Franklin Electric Company
FEM,Emrg Mkts Alphadex Fund FT
FEMB,Emrg Mkts Local Currency Bond ETF FT
FEMS,Emrg Mkts Small Cap Alphadex Fund FT
FENC,Fennec Pharmaceuticals Inc
FEP,Europe Alphadex Fund FT
FEUZ,Eurozone Alphadex Fund FT
FEX,Largecap Core Alphadex Fund FT
FEYE,Fireeye Inc
FFBC,First Finl Bncp [Oh]
FFBW,Ffbw Inc
FFHL,Fuwei Films [Holding
FFIC,Flushing Finl Corp
FFIN,First Finl Bkshs Inc
FFIV,F5 Networks Inc
FFNW,First Financial Nort
FFWM,First Foundation
FGBI,First Gurty Banc
FGEN,Fibrogen Inc CS
FGM,Germany Alphadex Fund FT
FHB,First Hawaiian Inc
FHK,Hong Kong Alphadex Fund FT
FIBK,First Interstate Ban
FID,First Trust S&P Intl Dividend Aristocrats ETF
FINX,G-X Fintech Thematic ETF
FISI,Financial Institut
FISV,Fiserv Inc
FITB,Fifth Third Bncp
FITBI,Fifth Third Bancorp
FITBO,Fifth Third Bancorp 4.95% Prf Perpetual USD 25 S
FITBP,Fifth Third Bancorp Depositary Shares 1/40Th
FIVE,Five Below Inc
FIVN,Five9 Inc
FIXD,Tcw Opportunistic Fixed Income ETF FT
FIXX,Homology Medicines Inc
FIZZ,Natl Beverage Cp
FJP,Japan Alphadex Fund FT
FKO,South Korea Alphadex Fund FT
FKU,UK Alphadex Fund FT
FLDM,Fluidigm Corp
FLEX,Flextronics Intl Ltd
FLGT,Fulgent Genetics Inc
FLIC,First of Long Isla
FLIR,Flir Systems Inc
FLL,Full House Rsts
FLMN,Falcon Minerals Corp Cl A
FLMNW,Falcon Minerals Corp WT
FLN,Latin America Alphadex Fund FT
FLNT,Fluent Inc
FLWS,1-800-Flowers.com
FLXN,Flexion Therapeutics
FLXS,Flexsteel Inds
FMAO,Farmers & Merch Banc
FMB,Managed Municipal ETF FT
FMBH,First Mid Ill Bncshr
FMBI,First Midwest Bncp
FMCI,Forum Merger II Corp Cl A
FMCIU,Forum Merger II Corp Unit
FMCIW,Forum Merger II Corp WT
FMHI,FT Municipal High Income ETF
FMK,Mega Cap Alphadex Fund FT
FMNB,Farmers Natl Banc Cp
FNCB,FNCB Bancorp Inc
FNHC,Federated Natl Hld
FNJN,Finjan Holdings
FNK,Mid Cap Value Alphadex Fund FT
FNKO,Funko Inc Cl A
FNLC,First Bancorp Inc
FNWB,First Nw Banc
FNX,Mid Cap Core Alphadex Fund FT
FNY,Mid Cap Growth Alphadex Fund FT
FOCS,Focus Financial Partners Inc Cl A
FOLD,Amicus Therapeutics
FONR,Fonar Corp
FORD,Forward Inds Inc
FORK,Fuling Global Ord Sh
FORM,Formfactor Inc
FORR,Forrester Resrch
FORTY,Formula Sys [1985]
FOSL,Fossil Group
FOX,Fox Corp Cl B
FOXA,Fox Corp Cl A
FOXF,Fox Factory Cp
FPA,Asia Pacific Ex-Japan Alphadex Fund FT
FPAY,Flexshopper Inc
FPRX,Five Prime Thera
FPXE,First Trust Ipox Europe Equity Opp ETF
FPXI,International IPO Fund FT
FRAF,Franklin Finl Svcs Corp
FRAN,Francesca's Holdings
FRBA,First Bank
FRBK,Republic First Bcp
FREQ,Frequency Therapeutics Inc
FRG,Franchise Group Inc
FRGI,Fiesta Restaurant Gp
FRHC,Freedom Holding Corp
FRME,First Merchants Corp
FRPH,Frp Holdings Inc
FRPT,Freshpet Inc CS
FRSX,Foresight Autonomous Holdings Ltd ADR
FRTA,Forterra Inc
FSBC,Fsb Community Bnksh
FSBW,FS Bancorp Inc
FSCT,Forescout Technologies Inc
FSEA,First Seacoast Bancorp
FSFG,First Savings Financ
FSLR,First Solar Inc
FSRV,Finserv Acquisition Corp. Cl A
FSRVU,Finserv Acquisition Corp
FSRVW,Finserv Acquisition Corp. WT
FSTR,Foster L B Company
FSV,Firstsrvce Sub VT Sh
FSZ,Switzerland Alphadex Fund FT
FTA,Largecap Value Alphadex Fund FT
FTAC,Fintech Acquisition Corp III Cl A
FTACU,Fintech Acquisition Corp III Unit
FTACW,Fintech Acquisition Corp III WT
FTAG,Indxx Global Agriculture ETF FT
FTC,Largecap Growth Alphadex Fund FT
FTCS,Capital Strength ETF FT
FTDR,Frontdoor Inc
FTEK,Fuel Tech Inc
FTFT,Future Fintech Group Inc
FTGC,Global Tactical Commodity Strategy Fund FT
FTHI,High Income ETF FT
FTLB,Low Beta Income ETF FT
FTNT,Fortinet Inc
FTR,Frontier Commun Cp
FTRI,Indxx Global Natural Resources Income ETF FT
FTSL,Senior Loan ETF FT
FTSM,Enhanced Short Maturity ETF FT
FTSV,Forty Seven Inc
FTXD,Nasdaq Retail ETF FT
FTXG,Nasdaq Food & Beverage ETF FT
FTXH,Nasdaq Pharmaceuticals ETF FT
FTXL,Nasdaq Semiconductor ETF FT
FTXN,Nasdaq Oil & Gas ETF FT
FTXO,Nasdaq Bank ETF FT
FTXR,Nasdaq Transportation ETF FT
FULC,Fulcrum Therapeutics Inc
FULT,Fulton Financial Cor
FUNC,First United Corp
FUND,Sprott Focus Trust
FUSB,First US Bancshares Inc
FUTU,Futu Holdings Ltd
FUV,Arcimoto Inc
FV,Dorsey Wright Focus 5 ETF FT
FVC,Dorsey Wright Dynamic Focus 5 ETF FT
FVCB,Fvcbankcorp Inc
FVE,Five Star Quality Care
FWONA,Liberty Media F1 Series A
FWONK,Liberty Media F1 Series K
FWP,Forward Pharma Ads
FWRD,Foward Air Corp
FXNC,First Natl Corp Strasburg VA
FYC,Smallcap Growth Alphadex Fund FT
FYT,Smallcap Value Alphadex Fund FT
FYX,Smallcap Core Alphadex Fund FT
GABC,German Amer Bncp Inc
GAIA,Gaiam Inc
GAIN,Gladstone Investment
GAINL,Gladstone Investment Corp Term Pfd Ser E %
GAINM,Gladstone Investment Corp
GALT,Galectin Therapeutic
GARS,Garrison Capital Inc
GASS,Stealthgas Inc
GBCI,Glacier Bancorp Inc
GBDC,Golub Capital Bdc
GBDCR,Golub Capital Bdc Inc Subscription Rights When
GBLI,Global Indemnity Plc
GBLIL,Global Indemnity Ltd 7.875% Subordinated Not
GBLIZ,Global Indmnty 7.75
GBT,Global Blood Ther
GCBC,Greene County Bncp
GDEN,Golden Entmt
GDS,Gds Holdings Ltd
GDYN,Grid Dynamics Holdings Inc.
GDYNW,Grid Dynamics Holdings Inc. WT
GEC,Great Elm Capital Group Inc
GECC,Great Elm Capital Corp
GECCL,Great Elm Capital Corp 6.50% Notes Due 2022
GECCM,Great Elm Capital Corp 6.75% Notes Due 2025
GECCN,Great Elm Capital Corp 6.5% Notes Due 2024
GENC,Gencor Industries IN
GENE,Genetic Tech Spn Ads
GENY,Principal Millennials Index ETF
GEOS,Geospace Technologie
GERN,Geron Corp
GEVO,Gevo Inc
GFED,Guaranty Fedl Bcshs
GFN,General Finance Corp
GFNCP,General Fn Cum Pfd C
GFNSL,Genrl Fin Sr Nt 2021
GGAL,Grupo Fin Galicia
GH,Guardant Health Inc
GHIV,Gores Holdings IV Inc Cl A
GHIVU,Gores Holdings IV Inc
GHIVW,Gores Holdings Iv Inc WT
GHSI,Guardion Health Sciences Inc
GIFI,Gulf Island Fab
GIGE,Sofi Gig Economy ETF
GIGM,Gigamedia Ltd
GIII,G-III Apparel Gp
GILD,Gilead Sciences Inc
GILT,Gilat Satellite Ntwk
GLAD,Gladstone Cap Corp
GLADD,Gladstone Capital Corp 6.125% Notes Due 2
GLADL,Gladstone Capital Corp 5.375% Notes Due 2
GLBS,Globus Maritime Limi
GLBZ,Glen Burnie Bancorp
GLDD,Great Lakes Drg Dock
GLDI,CS X-Links Gold Share
GLG,China Bat Group Inc
GLIBA,Gci Liberty Inc Cl A
GLIBP,Gci Liberty Inc Ser A Pfd
GLMD,Galmed Pharmaceutica
GLNG,Golar Lng Ltd
GLPG,Galapagos NV
GLPI,Gaming & Leisure
GLRE,Greenlight Cap. Re.
GLUU,Glu Mobile Inc
GLYC,Glycomimetics Inc
GMAB,Genmab A/S
GMBL,Esports Entertainment Group Inc.
GMBLW,Esports Entertainment Group Inc WT
GMDA,Gamida Cell Ltd
GMHI,Gores Metropoulos Cl A
GMHIU,Gores Metropoulos Inc Unit
GMHIW,Gores Metropoulos WT
GMLP,Golar Lng Partners
GMLPP,Golar Lng Partners LP
GNCA,Genocea Biosciences
GNFT,Genfit S.A. ADR
GNLN,Greenlane Holdings Inc Cl A
GNMA,GNMA Bond Ishares ETF
GNMK,Genmark Diagnostics
GNOM,Global X Genomics & Biotechnology ETF
GNPX,Genprex Inc
GNRSU,Greenrose Acquisition Corp
GNSS,Lrad Corp
GNTX,Gentex Corp
GNTY,Guaranty Bancshares Inc
GNUS,Genius Brands International Inc
GO,Grocery Outlet Holding Corp
GOGL,Golden Ocean Gp
GOGO,Gogo Inc
GOOD,Gladstone Comml
GOODM,Gladstone Commercial Corp
GOODN,Gladstone Commercial Corp Prf Perpetual USD 25 S
GOOG,Alphabet Cl C
GOOGL,Alphabet Cl A
GOSS,Gossamer Bio Inc
GPAQ,Gordon Pointe Acquisition Corp Cl A
GPAQU,Gordon Pointe Acquisition Corp Unit
GPAQW,Gordon Pointe Acquisition Corp WT
GPOR,Gulfport Energy Corp
GPP,Green Plains Partners LP
GPRE,Green Plains Inc
GPRO,Gopro Inc Cl A
GRBK,Green Brick Partners
GRFS,Grifols S.A.
GRID,Nasdaq Clean Edge Smart Grid Infr Index Fund FT
GRIF,Griffin Industrial
GRIL,Muscle Maker Inc
GRIN,Grindrod Shipping Holdings Ltd
GRMN,Garmin Ltd
GRNQ,Greenpro Capital Corp
GRNV,Greenvision Acquisition Corp
GRNVR,Greenvision Acquisition Corp Rights
GRNVU,Greenvision Acquisition Corp
GRNVW,Greenvision Acquisition Corp WT
GROW,U S Global Inv Inc
GRPN,Groupon Cl A
GRTS,Gritstone Oncology Inc
GRTX,Galera Therapeutics Inc
GRVY,Gravity Co. Ltd
GRWG,Growgeneration Corp
GSBC,Great Southern Bncp
GSHD,Goosehead Insurance Inc Cl A
GSIT,Gsi Technology Inc
GSKY,Greensky Inc Cl A
GSM,Ferroglobe Plc Os
GSMG,Glory Star New Media Group Holdings Ltd.
GSMGW,Glory Star New Media Group Holdings Ltd.
GSUM,Gridsum Holding Inc
GT,Goodyear Tire Rubber
GTEC,Greenland Technologies Holding Corp.
GTHX,G1 Therapeutics Inc
GTIM,Good Times Rest
GTLS,Chart Industries IN
GTYH,Gty Technology Holdings Inc
GULF,Wisdomtree Middle East Dividend Fund
GURE,Gulf Resources Inc
GVP,GSE Systems
GWGH,Gwg Holdings
GWPH,Gw Pharma ADR
GWRS,Global Water Reso
GXGX,Gx Acquisiton Corp Cl A
GXGXU,Gx Acquisiton Corp Unit
GXGXW,Gx Acquisiton Corp WT
GXTG,Global X Thematic Growth ETF
GYRO,Gyrodyne Llc
HA,Hawaiian Hlds Inc
HAFC,Hanmi Financial Cp
HAIN,Hain Celestial Group
HALL,Hallmark Fin Svc
HALO,Halozyme Therapeutic
HAPP,Happiness Biotech Group Ltd
HARP,Harpoon Therapeutics Inc
HAS,Hasbro Inc
HAYN,Haynes Intl Inc
HBAN,Huntington Bcshs
HBANN,Huntington Bancshares Incorporated ADR
HBANO,Huntington Banc. Dep
HBCP,Home Bancorp Inc
HBIO,Harvard Bioscience
HBMD,Howard Bancorp MD
HBNC,Horizon Bancorp
HBP,Huttig Bldg Products
HBT,Hbt Financial Inc
HCAC,Hennessy Capital Acquisition Corp IV Cl A
HCACU,Hennessy Capital Acquisition Corp IV Unit
HCACW,Hennessy Capital Acquisition Corp IV WT
HCAP,Harvest Capital Cred
HCAPZ,Harvest Capital Credit Corp 6.125% Notes
HCAT,Health Catalyst Inc
HCCH,Hl Acquisitions Corp
HCCHR,Hl Acquisitions Corp Right
HCCHW,Hl Acquisitions Corp WT
HCCI,Heritage-Crystal
HCCO,Healthcare Merger Corp. Cl A
HCCOU,Healthcare Merger Corp. Units
HCCOW,Healthcare Merger Corp. Warrants
HCKT,Hackett Grp Inc
HCM,Hutchison China Ads
HCSG,Healthcare Svcs Gp
HDS,HD Supply Hlds Cmm
HDSN,Hudson Tech Inc
HEAR,Turtle Beach Corp
HEBT,Hebron Technology Co. Ltd
HEES,H&E Equip Services
HELE,Helen of Troy Ltd
HEPA,Hepion Pharmaceuticals Inc
HERD,Pacer Cash Cows Fund of Funds ETF
HERO,Global X Video Games & Esports ETF
HEWG,Germany Curr Hedged Ishares MSCI ETF
HFBL,Home Federal
HFFG,HF Foods Group Inc
HFWA,Heritage Financial
HGSH,China Hgs Real Est
HHHH,Wealthbridge Acquisition Ltd
HHHHR,Wealthbridge Acquisition Ltd Rights
HHHHW,Wealthbridge Acquisition Ltd WT
HHR,Headhunter Group Plc ADR
HHT,Huitao Technology Co. Ltd
HIBB,Hibbett Sports Inc
HIFS,Hingham Inst For Svg
HIHO,Highway Hlds Ltd
HIMX,Himax Technologies
HJLI,Hancock Jaffe Laboratories Inc
HJLIW,Hancock Jaffe Laboratories Inc WT
HLAL,Wahed FTSE USA Shariah ETF
HLG,Hailiang Edu Grp Ads
HLIO,Helios Technologies Inc
HLIT,Harmonic Inc
HLNE,Hamilton Lane Incorporated Cl A
HMHC,Houghton Mifflin Har
HMNF,Hmn Financial Inc
HMST,Homestreet Inc
HMSY,Hms Hlds Cp
HMTV,Hemisphere Media A
HNDL,Strategy Shares Nasdaq 7Handl Index ETF
HNNA,Hennessy Advisors
HNRG,Hallador Energy Company
HOFT,Hooker Furniture
HOLI,Hollysys Automation
HOLX,Hologic Inc
HOMB,Home Bancshares Inc
HONE,Harborone Bancorp Inc
HOOK,Hookipa Pharma Inc
HOPE,Hope Bancorp Inc
HOTH,Hoth Therapeutics Inc
HOVNP,Hovnanian Entr Dep A
HQI,Hirequest Inc
HQY,Healthequity
HROW,Harrow Health Inc
HRTX,Heron Therapeutics
HRZN,Horizon Technology F
HSDT,Helius Medical Technologies Inc
HSIC,Henry Schein Inc
HSII,Heidrick & Struggl
HSKA,Heska Corp
HSON,Hudson Global
HSTM,Healthstream Inc
HTBI,Hometrust Bancshares
HTBK,Heritage Commerce
HTBX,Heat Biologics Inc
HTGM,Htg Molecular Dia
HTHT,Huazhu Group Ltd
HTIA,Healthcare TR Inc
HTLD,Heartland Express
HTLF,Heartland Finl USA
HUBG,Hub Group Inc A
HUGE,Fsd Pharma Inc Cl B
HUIZ,Huize Holding Limited ADR
HURC,Hurco Cos Inc
HURN,Huron Consulting
HVBC,Hv Bancorp Inc
HWBK,Hawthorn Bancshares
HWC,Hancock Whitney Corp
HWCC,Houston Wire Cable
HWCPL,Hancock Whitney Corp 5.95 Nt
HWKN,Hawkins Inc
HX,Hexindai Inc
HYAC,Haymaker Acquisition Corp II Cl A
HYACU,Haymaker Acquisition Corp Unit
HYACW,Haymaker Acquisition Corp II WT
HYLS,Tactical High Yield ETF FT
HYND,Wisdomtree Neg Duration HI Yld Bond Fund
HYRE,Hyrecar Inc
HYXE,High Yield Ex Oil and Gas Corp Bond Ishares Ibox
HYZD,Wisdomtree Int Rate HI Yld Bond Hedged Fund
HZNP,Horizon Therapeutics
IAC,Iac Interactive
IART,Integra Lifesciences
IBB,Nasdaq Biotechnology Ishares ETF
IBCP,Independent Bk Cp
IBKC,Iberiabank Corp
IBKCN,Iberiabank Corp Dep Shs Repstg
IBKCO,Iberiabank Ds Rep C
IBKCP,Iberiabank Dp Sh B
IBKR,Interactive Brokers
IBOC,Intl Bancshares
IBTA,Ishares Ibonds Dec 2021 Term Treasury ETF
IBTB,Ishares Ibonds Dec 2022 Term Treasury ETF
IBTD,Ishares Ibonds Dec 2023 Term Treasury ETF
IBTE,Ishares Ibonds Dec 2024 Term Treasury ETF
IBTF,Ishares Ibonds Dec 2025 Term Treasury ETF
IBTG,Ishares Ibonds Dec 2026 Term Treasury ETF
IBTH,Ishares Ibonds Dec 2027 Term Treasury ETF
IBTI,Ishares Ibonds Dec 2028 Term Treasury ETF
IBTJ,Ishares Ibonds Dec 2029 Term Treasury ETF
IBTX,Independent Bank Group
IBUY,Online Retail Amplify ETF
ICAD,Icad Inc
ICBK,County Bancorp
ICCC,Immucell Cp
ICCH,Icc Holdings Inc
ICFI,Icf International
ICHR,Ichor Holdings Ltd
ICLK,Iclick Interactive Asia Group Ltd ADR
ICLN,Global Clean Energy Ishares ETF
ICLR,Icon Plc
ICMB,Investcorp Credit Management Bdc Inc
ICON,Iconix Brand Group
ICPT,Intercept Pharmaceuticals
ICUI,I C U Medical Inc
IDCC,Interdigital Inc
IDEX,Ideanomics Inc
IDLB,FTSE Intl Low Beta EW Invesco ETF
IDN,Intellicheck Mobilisia
IDRA,Idera Pharmaceuticals
IDXG,Interpace Diag Group
IDXX,Idexx Laboratories
IDYA,Ideaya Biosciences Inc
IEA,Infrastructure and Energy Alternatives Inc
IEAWW,Infrastructure and Energy Alternatives Inc WT
IEC,IEC Electronics
IEF,7-10 Year Treas Bond Ishares ETF
IEI,3-7 Year Treas Bond Ishares ETF
IEP,Icahn Enterprises
IESC,Ies Holdings
IEUS,Europe Small-Cap Ishares MSCI ETF
IFEU,Europe Developed Real Estate Ishares ETF
IFGL,Intl Developed Real Estate Ishares ETF
IFMK,Ifresh Inc
IFRX,Fireman B.V.
IFV,Dorsey Wright Intl Focus 5 ETF FT
IGF,Global Infrastructure Ishares ETF
IGIB,Intermediate-Term Corp Bond Ishares ETF
IGIC,International General Insurance Hldg Inc.
IGICW,International General Insurance Hldg Inc.
IGMS,Igm Biosciences Inc
IGOV,Intl Treasury Bond Ishares ETF
IGSB,Short-Term Corp Bond Ishares ETF
IHRT,Iheartmedia Inc
III,Information Svcs Group
IIIN,Insteel Industries
IIIV,I3 Verticals Inc Cl A
IIN,Intricon Corp
IIVI,I I V I Inc
IJT,S&P Small-Cap 600 Growth Ishares ETF
IKNX,Ikonics Corp
ILMN,Illumina Inc
ILPT,Industrial Logistics Properties Trust
IMAB,I-Mab American Depositary Shares
IMAC,Imac Holdings Inc
IMACW,Imac Holdings Inc WT
IMBI,Imedia Brands Inc
IMGN,Immunogen Inc
IMKTA,Ingles Markets Inc
IMMP,Immutep Ltd ADR
IMMR,Immersion Corp
IMMU,Immunomedics Inc
IMOS,Chipmos Tech
IMRA,Imara Inc
IMRN,Immuron Ltd
IMRNW,Immuron Ltd WT
IMTE,Integrated Media Technology
IMUX,Immunic Inc
IMV,Imv Inc
IMVT,Immunovant Inc.
IMVTU,Immunovant Inc Units
IMVTW,Immunovant Inc. Wt. Exp. 12/18/24
IMXI,International Money Express Inc
INBK,First Internet Bcp
INBKL,First Internet Bancorp
INBKZ,First Internet Bancorp 6.0% Fixed-To-Floating Ra
INCY,Incyte Corp
INDB,Independent Bk Corp
INDY,India 50 Ishares ETF
INFI,Infinity Pharmaceuti
INFN,Infinera Corp
INFR,Legg Global Infrastructure ETF
INGN,Inogen Inc
INMB,Inmune Bio Inc
INMD,Inmode Ltd
INNT,Innovate Biopharmaceuticals Inc
INO,Inovio Pharma
INOD,Innodata Inc
INOV,Inovalon Hlds Cm A
INPX,Inpixon
INSE,Inspired Entertainment Inc
INSG,Inseego Corp
INSM,Insmed Inc
INSU,Insurance Acquisition Corp Cl A
INSUU,Insurance Acquisition Corp Unit
INSUW,Insurance Acquisition Corp WT
INTC,Intel Corp
INTG,Intergroup Cp The
INTL,Intl Fcstone Inc
INTU,Intuit Inc
INVA,Innoviva Inc
INVE,Identiv Inc
INWK,Innerworkings Inc
IONS,Ionis Pharmaceuticals
IOSP,Innospec Inc
IOTS,Adesto Tech
IOVA,Iovance Biotherapeutics Inc
IPAR,Inter Parfums Inc
IPGP,Ipg Photonics Corp
IPHA,Innate Pharma S.A. Ads
IPKW,Intl Buyback Achievers Invesco ETF
IPLDP,Interstate Power & Light Company Perp Prd Se
IPWR,Ideal Power Inc
IQ,Iqiyi Inc ADR
IRBT,Irobot Corp
IRCP,Irsa Propiedades Ads
IRDM,Iridium Comm Inc
IRIX,Iridex Cp
IRMD,Iradimed Cp
IROQ,If Bancorp Inc
IRTC,Irhythm Technologies Inc
IRWD,Ironwood Pharmaceuti
ISBC,Investors Bancorp
ISDS,Invesco Developed Ex-US Small Company ETF
ISDX,Invesco Developed Ex-US ETF
ISEE,Iveric Bio Inc
ISEM,Invesco Emerging Markets ETF
ISHG,1-3 Year Intl Treas Bond Ishares ETF
ISIG,Insignia Systems
ISNS,Image Sensing Syst
ISRG,Intuitive Surg Inc
ISSC,Innovative Sol&Sup
ISTB,1-5 Year USD Bond Ishares Core ETF
ISTR,Investar Holding
ITCI,Intra-Cellular Ther
ITI,Iteris Inc
ITIC,Investors Title Company
ITMR,Itamar Medical Ltd ADR
ITRI,Itron Inc
ITRM,Iterum Therapeutics Plc
ITRN,Ituran Location
IUS,Invesco Strategic US ETF
IUSB,USD Bond Market Total Ishares Core ETF
IUSG,S&P US Growth Ishares Core ETF
IUSS,Invesco US Small Company ETF
IUSV,S&P US Value Ishares Core ETF
IVAC,Intevac Inc
IXUS,Total Intl Stock Ishares Core MSCI ETF
IZEA,Izea Inc
JACK,Jack IN The Box Inc
JAGX,Jaguar Health Inc
JAKK,Jakks Pacific Inc
JAN,Janone Inc
JAZZ,Jazz Pharma Plc
JBHT,J B Hunt Transport
JBLU,Jetblue Airways Cp
JBSS,John B Sanfilippo
JCOM,J2 Global Inc
JCS,Commun Systems Inc
JCTCF,Jewett-Cameron Trd
JD,Jd.com Inc Ads
JFIN,Jiayin Group Inc ADR
JFK,8I Enterprises Acquisition Corp
JFKKR,8I Enterprises Acquisition Corp Right
JFKKU,8I Enterprises Acquisition Corp Unit
JFKKW,8I Enterprises Acquisition Corp WT
JFU,9F Inc ADR
JG,Aurora Mobile Ltd ADR
JJSF,J J Snack Foods
JKHY,Jack Henry & Assoc
JKI,Mstar Mid-Cap Value Ishares ETF
JMPNL,JMP Group Llc 7.25% Senior Notes Due 2027
JMPNZ,JMP Group Llc 6.875% Senior Notes Due 2029
JNCE,Jounce Therapeutics Inc
JOBS,51Job Inc
JOUT,Johnson Outdoors
JRJC,China Finance Online
JRSH,Jerash Holdings Inc
JRVR,James River Gp HD
JSM,SLM Cp 6% Sr Nt
JSMD,Janus Small/Midcap Growth ETF
JSML,Janus Smallcap Growth ETF
JVA,Coffee Holding Company
JYNT,The Joint Corp
KALA,Kala Pharmaceuticals Inc
KALU,Kaiser Aluminum
KALV,Kalvista Pharmaceuticals Inc
KBAL,Kimball Intl Cl B
KBLM,Kbl Merger Corp IV
KBLMR,Kbl Merger Corp IV Right
KBLMU,Kbl Merger Corp. IV
KBLMW,Kbl Merger Corp IV WT
KBSF,Kbs Fashion Gp Ltd
KBWB,KBW Bank Invesco ETF
KBWD,KBW High Dividend Yield Financial Invesco ETF
KBWP,KBW Property & Casualty Insurance Invesco ETF
KBWR,KBW Regional Banking Invesco ETF
KBWY,KBW Premium Yield Equity REIT Invesco ETF
KCAPL,Kcap Financial Inc 6.125% Notes Due 2022
KE,Kimball Electrnc
KELYA,Kelly Svcs Cl A
KELYB,Kelly Services Inc Cl B
KEQU,Kewaunee Scientifi
KERN,Akerna Corp Cl A
KERNW,Akerna Corp WT
KFFB,Kentucky First Fed
KFRC,Kforce Inc
KGJI,Kingold Jewelry Inc
KHC,Kraft Heinz Company
KIDS,Orthopediatrics Corp
KIN,Kindred Biosciences
KINS,Kingstone Cos Inc
KIRK,Kirkland's Inc
KLAC,K L A-Tencor Corp
KLDO,Kaleido Biosciences Inc
KLIC,Kulicke and Soffa
KLXE,Klx Energy Services Holdings Inc
KMDA,Kamada Ltd
KMPH,Kempharm Inc
KNDI,Kandi Techs Group
KNSA,Kiniksa Pharmaceuticals Ltd
KNSL,Kinsale Capital Group Inc
KOD,Kodiak Sciences Inc
KOPN,Kopin Cp
KOSS,Koss Cp
KPTI,Karyopharm Therapeut
KRKR,36Kr Holdings Inc ADR
KRMA,G-X Conscious Companies ETF
KRMD,Repro Med Sys Inc
KRNT,Kornit Digital Ord
KRNY,Kearny Financial
KROS,Keros Therapeutics Inc
KRTX,Karuna Therapeutics Inc
KRUS,Kura Sushi USA Inc Cl A
KRYS,Krystal Biotech Inc
KTCC,Key Tronic Cp
KTOS,Kratos Defns
KTOV,Kitov Pharamceut Ads
KTOVW,Kitov Pharamceuti WT
KURA,Kura Oncology
KVHI,K V H Inds Inc
KXIN,Kaixin Auto Holdings
KZIA,Kazia Therapeutics Ltd
KZR,Kezar Life Sciences Inc
LACQ,Leisure Acquisition Corp
LACQU,Leisure Acquisition Corp Unit
LACQW,Leisure Acquisition Corp WT
LAKE,Lakeland Inds Inc
LAMR,Lamar Advertis A
LANC,Lancaster Colony Cor
LAND,Gladstone Land Corp
LANDP,Gladstone Land Corp
LARK,Landmark Bancorp Inc
LASR,Nlight Inc
LATN,Union Acquisition Corp. II
LATNU,Union Acquisition Corp II Units
LATNW,Union Acquisition Corp. II WT
LAUR,Laureate Education Inc
LAWS,Lawson Products IN
LAZY,Lazydays Holdings Inc
LBAI,Lakeland Bancorp Inc
LBC,Luther Burbank Corp
LBRDA,Liberty Broadbd A
LBRDK,Liberty Broadbd C
LBTYA,Liberty Global Ord A
LBTYB,Liberty Global Ord B
LBTYK,Liberty Global Ord C
LCA,Landcadia Holdings II Inc Cl A
LCAHU,Landcadia Holdings II Inc Unit
LCAHW,Landcadia Holdings II Inc WT
LCNB,Lcnb Corp
LCUT,Lifetime Brands Inc
LDEM,Ishares ESG MSCI EM Leaders ETF
LDSF,FT Low Duration Strategic Focus ETF
LE,Lands' End Inc
LECO,Lincoln Elec Hld
LEDS,Semileds Corp
LEGH,Legacy Housing Corp
LEGR,First Trust Indxx Innovative Transaction & Proce
LEVL,Level One Bancorp Inc
LFAC,Lf Capital Acquistion Corp Cl A
LFACW,Lf Capital Acquistion Corp WT
LFUS,Littelfuse Inc
LFVN,Lifevantage Cp
LGIH,LGI Homes Inc
LGND,Ligand Pharm
LHCG,LHC Group Inc
LIFE,Atyr Pharma Inc
LILA,Liberty Latin America Cl A
LILAK,Liberty Latin America Cl C
LINC,Lincoln Educational
LIND,Lindblad Expd Hld
LIQT,Liqtech International Inc
LITE,Lumentum Hld
LIVE,Live Ventures
LIVK,Liv Capital Acquisition Corp. Cl A
LIVKU,Liv Capital Acquisition Corp
LIVKW,Liv Capital Acquisition Corp. WT
LIVN,Livanova Plc OR Sh
LIVX,Livexlive Media Inc
LIZI,Lizhi Inc American Depositary Shares
LJPC,LA Jolla Pharma
LK,Luckin Coffee Inc ADR
LKCO,Luokung Technology Corp
LKFN,Lakeland Finl Corp
LKQ,LKQ Corp
LLIT,Lianluo Smart Ltd
LLNW,Limelight Networks
LMAT,Lemaitre Vascular
LMB,Limbach Holdings Inc
LMBS,Low Duration Opportunities ETF FT
LMFA,Lm Funding America Inc
LMFAW,Lm Funding WT
LMNL,Liminal Biosciences Inc.
LMNR,Limoneira Company
LMNX,Luminex Corp
LMPX,Lmp Automotive Holdings Inc
LMRK,Landmark Common Units
LMRKN,Landmark Infrastructure Partners LP
LMRKO,Landmark Infrastructure Partners LP
LMRKP,Landmark Inf Prf
LMST,Limestone Bancorp Inc
LNDC,Landec Cp
LNGR,G-X Longevity Thematic Et
LNT,Alliant Energy Corp
LNTH,Lantheus Holdings
LOAC,Longevity Acquisition Corp
LOACR,Longevity Acquisition Corp Right
LOACU,Longevity Acquisition Corp Units
LOACW,Longevity Acquisition Corp WT
LOAN,Manhattan Bridge
LOB,Live Oak Bancsh
LOCO,El Pollo Loco
LOGC,Logicbio Therapeutics Inc
LOGI,Logitech Int S.A.
LOGM,Logmein Inc
LONE,Lonestar Resources US Inc
LOOP,Loop Industries Inc
LOPE,Grand Canyon Educati
LORL,Loral Space Comm
LOVE,The Lovesac Company
LPCN,Lipocine Inc
LPLA,Lpl Financial Hld
LPSN,Liveperson Inc
LPTH,Lightpath Tech Inc
LPTX,Leap Therapeutics Inc
LQDA,Liquidia Technologies Inc
LQDT,Liquidity Services
LRCX,Lam Research Corp
LRGE,Legg Clearbridge Large Cap Groowth ETF
LSACU,Lifesci Acquisition Corp. Unit 1 Com & 1 WT
LSBK,Lake Shore Bancorp
LSCC,Lattice Semicond
LSTR,Landstar System
LSXMA,Liberty Srs XM CS A
LSXMB,Liberty Srs XM CS B
LSXMK,Liberty Srs XM CS C
LTBR,Lightbridge Corp
LTRPA,Liberty Tripadv A
LTRPB,Liberty Tripadv B
LTRX,Lantronix Inc
LULU,Lululemon Athletica
LUMO,Lumos Pharma Inc.
LUNA,Luna Innovations Inc
LVGO,Livongo Health Inc
LVHD,Legg Low Vol HI Div ETF
LWAY,Lifeway Foods Inc
LX,Lexinfintech Holdings Ltd
LXRX,Lexicon Pharmaceutcl
LYFT,Lyft Inc Cl A
LYL,Dragon Victory Intl Ltd
LYTS,L S I Industries
MACK,Merrimack Pharmaceuticals Inc
MAGS,Magal Security Syst
MANH,Manhattan Assoc
MANT,Mantech Intl Cp A
MAR,Marriot Int Cl A
MARA,Marathon Patent Grou
MARK,Remark Holdings Inc
MARPS,Marine Petroleum U
MASI,Masimo Corp
MAT,Mattel Inc
MATW,Matthews Intl Corp
MAYS,J W Mays Inc
MBB,MBS Ishares ETF
MBCN,Middlefield Banc
MBII,Marrone Bio Innov
MBIN,Merchants Bancorp
MBINO,Merchants Bancorp Depositary Shares Each Represe
MBINP,Merchants Bancorp [Indiana] Perp Pfd Ser A
MBIO,Mustang Bio Inc
MBNKP,Medallion Bank Fixed-To-Floating Rate Non-Cumula
MBOT,Microbot Medical Inc
MBRX,Moleculin Biotech CS
MBSD,Flexshares Disciplined Duration MBS Index Fund
MBUU,Malibu Boats Inc
MBWM,Mercantile Bank Corp
MCBC,Macatawa Bank Corp
MCBS,Metrocity Bankshares Inc
MCEF,Municipal CEF Income Opportunity ETF FT
MCEP,Mid-Con Energy Partn
MCFT,Mcbc Holdings
MCHI,China Ishares MSCI ETF
MCHP,Microchip Technology
MCHX,Marchex Inc
MCMJ,Merida Merger Corp. I
MCMJW,Merida Merger Corp I WT
MCRB,Seres Theraptc
MCRI,Monarch Casino
MDB,Mongodb Inc Cl A
MDCA,Mdc Partners Cl A
MDGL,Madrigal Pharmaceuticals Inc
MDGS,Medigus Ltd Ads
MDGSW,Medigus Ltd Series C WT
MDIA,Mediaco Holding Inc Class A Common Stock When Is
MDIV,Multi-Asset Diversified Income Index Fund FT
MDJH,Mdjm Ltd
MDLZ,Mondelez Intl Inc
MDRR,Medalist Diversified REIT Inc
MDRRP,Medalist Diversified REIT Inc Series A
MDRX,Allscripts Hlthcare
MDWD,Mediwound Ltd Ord Sh
MEDP,Medpace Holdings Inc
MEDS,Trxade Group Inc
MEET,The Meet Group
MEIP,Mei Pharma Inc
MELI,Mercadolibre Inc
MEOH,Methanex Cp
MERC,Mercer Intl Inc
MESA,Mesa Air Group Inc
MESO,Mesoblast Ltd Ads
METC,Ramaco Resources Inc
METX,Meten Edtechx Education Group Ltd.
MFH,Jmu Ltd
MFIN,Medallion Fin Cp
MFINL,Medallion Fin Notes
MFNC,Mackinac Financial
MFSF,Mutualfirst Finl Inc
MGEE,Mge Energy Inc
MGEN,Miragen Therapeutics Inc
MGI,Moneygram Intl
MGIC,Magic Software Entpr
MGLN,Magellan Health
MGNX,Macrogenics
MGPI,MGP Ingredients Inc
MGRC,Mcgrath Rentcorp
MGTA,Magenta Therapeutics Inc
MGTX,Meiragtx Holdings Plc
MGYR,Magyar Bancorp Inc
MHLD,Maiden Holdings Ltd
MICT,Micronet Enertec Tec
MIDD,Middleby Corp
MIK,The Michaels Comp
MILN,G-X Millennials Thematic ETF
MIME,Mimecast Ltd Ord
MIND,Mitcham Industries Inc
MINDP,Mitcham Industries Inc
MINI,Mobile Mini Inc
MIRM,Mirum Pharmaceuticals Inc
MIST,Milestone Pharmaceuticals Inc
MITK,Mitek Systems Inc
MITO,Stealth Biotherapeutics Corp Ads
MJCO,Majesco
MKD,Molecular Data Inc Ads
MKGI,Monaker Group Inc
MKSI,Mks Instruments Inc
MKTX,Marketaxess Holdings
MLAB,Mesa Labs Inc
MLCO,Melco Resorts & Entertainment
MLHR,Miller Herman Inc
MLND,Millendo Therapeutics Inc
MLNX,Mellanox Technologies
MLVF,Malvern Bncp
MMAC,Mma Capital Mngt
MMLP,Martin Midstrm LP
MMSI,Merit Medical Sys
MMYT,Makemytrip Ltd
MNCL,Monocle Acquisition Corp
MNCLU,Monocle Acquisition Corp Units
MNCLW,Monocle Acquisition Corp WT
MNDO,Mind C.T.I. Ltd
MNKD,Mannkind Corp
MNLO,Menlo Therapeutics Inc
MNOV,Medicinova Inc
MNPR,Monopar Therapeutics Inc
MNRO,Monro Muffler Brak
MNSB,Mainstreet Bank
MNST,Monster Beverage Cp
MNTA,Momenta Pharma
MNTX,Manitex Intl Inc
MOBL,Mobileiron Inc
MOFG,Midwestone Fnl Gp
MOGO,Mogo Inc
MOHO,Ecmoho Ltd ADR
MOMO,Momo Inc Ads
MOR,Morphosys Ag ADR
MORF,Morphic Holding Inc
MORN,Morningstar Inc
MOSY,Mosys Inc
MOTS,Motus Gi Holdings Inc
MOXC,Moxian Inc
MPAA,Motorcar Parts Amer
MPB,Mid Penn Bancorp Inc
MPWR,Monolithic Power Sys
MRAM,Everspin Technologies Inc
MRBK,Meridian Bank
MRCC,Monroe Capital Corp
MRCCL,Monroe Capital Corp 5.75% Notes Due 2023
MRCY,Mercury Sys Inc
MREO,Mereo Biopharma Group Plc ADR
MRIN,Marin Sotfware Incorporated
MRKR,Marker Therapeutics Inc
MRLN,Marlin Business Serv
MRNA,Moderna Inc
MRNS,Marinus Pharma CS
MRSN,Mersana Therapeutics Inc
MRTN,Marten Transport L
MRTX,Mirati Therapeutics
MRUS,Merus N.V. CS
MRVL,Marvell Tech Group
MSBF,MSB Financial
MSBI,Midland Sts BNC
MSEX,Middlesex Water Company
MSFT,Microsoft Corp
MSON,Misonix Inc
MSTR,Microstrategy Cl A
MSVB,Mid-Southn Svg Bk IN
MTBC,Medical Transc Bl
MTBCP,Mtbc 11% Sr A Prf ST
MTC,Mmtec Inc
MTCH,Match Group Inc CS
MTEM,Molecular Templates Inc
MTEX,Mannatech Inc
MTLS,Materialise NV Ads
MTP,Midatech Pharma Ads
MTRX,Matrix Service Company
MTSC,M T S Systems Cp
MTSI,Macom Technology S
MTSL,Mer Telemanagement Solutions Ltd
MU,Micron Technology
MUDS,Mudrick Capital Acquisition Corp Cl A
MUDSU,Mudrick Capital Acquisition Corp Unit
MUDSW,Mudrick Capital Acquisition Corp WT
MVBF,Mvb Financial Corp
MVIS,Microvision
MWK,Mohawk Group Holdings Inc
MXIM,Maxim Integrated
MYFW,First Western Financial Inc
MYGN,Myriad Genetics Inc
MYL,Mylan NV Ord Shs
MYOK,Myokardia Inc
MYOS,Myos Rens Tech
MYRG,MYR Group Inc
MYSZ,My Size Inc
MYT,Urban Tea Inc
NAII,Natural Alternativ
NAKD,Naked Brand Group Inc
NAOV,Nanovibronix Inc
NATH,Nathan's Famous IN
NATI,Natl Instruments Cor
NATR,Nature S Sunshine
NAVI,Navient Cp
NBACU,Newborn Acquisition Corp
NBEV,New Age Beverages Corp
NBIX,Neurocrine Bioscienc
NBL,Noble Energy Inc
NBLX,Noble Midstream Partners LP
NBN,Northeast Bncp
NBRV,Nabriva Therape Ads
NBSE,Neu Base Therapeutics Inc
NBTB,NBT Bancorp Inc
NCBS,Nicolet Bnkshr
NCMI,National Cinemedia
NCNA,Nucana Plc ADR
NCSM,Ncs Multistage Holdings Inc
NCTY,The9 Ltd
NDAQ,Nasdaq Inc
NDLS,Noodles & Company
NDRA,Endra Life Sciences Inc
NDRAW,Endra Life Sciences Inc WT
NDSN,Nordson Corp
NEBU,Nebula Acquisition Corp Cl A
NEBUU,Nebula Acquisition Corp Unit
NEBUW,Nebula Acquisition Corp WT
NEO,Neogenomics Inc
NEOG,Neogen Cp
NEON,Neonode Inc
NEOS,Neos Therapeutics
NEPH,Nephros Inc
NEPT,Neptune Wellness Solutions Inc
NERV,Minerva Neuroscie
NESR,National Energy Services Reunited Corp
NESRW,National Energy Services Reunited Corp WT
NETE,Net Element Inc
NEWA,Newater Technology Inc
NEWT,Newtek Bus Svcs
NEWTI,Newtek Business Services Corp 6.25% Notes Due 2
NEWTL,Newtek Business Services Corp 5.75% Notes Due 2
NEXT,Nextdecade Corp
NFBK,Northfield Bncrp Del
NFE,New Fortress Energy Llc
NFIN,Netfin Acquisition Corp Cl A
NFINU,Netfin Acquisition Corp Unit
NFINW,Netfin Acquisition Corp WT
NFLX,Netflix Inc
NFTY,First Trust India Nifty 50 EW ETF
NGHC,National General Hld
NGHCN,National General Holdings Corp
NGHCO,National Gnl Hld Ds
NGHCP,National Gen Srs A
NGHCZ,National Gen Sub NTS
NGM,Ngm Biopharmaceuticals Inc
NH,Nanthealth Inc
NHLD,National Holdings
NHLDW,National Holdings Corp WT
NHTC,Natural Hlth Trd
NICE,Nice Ltd
NICK,Nicholas Fincl Inc
NIU,Niu Technologies ADR
NK,Nantkwest Inc CS
NKSH,Natl Bankshares Inc
NKTR,Nektar Therapeutics
NLOK,Nortonlifelock Inc.
NLTX,Neoleukin Therapeutics Inc
NMCI,Navios Maritime Containers L.P.
NMIH,Nmi Holdings Inc
NMRD,Nemaura Med Inc
NMRK,Newmark Group Inc Cl A
NNBR,NN Inc
NNDM,Nano Dimension Ads
NODK,Ni Holdings Inc
NOVN,Novan Inc
NOVT,Novanta Inc
NPA,New Providence Acquisition Corp. Cl A
NPAUU,New Providence Acquisition Corp
NPAWW,New Providence Acquisition Corp. WT
NRBO,Neurobo Pharmaceuticals Inc.
NRC,National Research Corp
NRIM,Northrim Bancorp Inc
NSEC,Natl Security Gp
NSIT,Insight Enterpr
NSSC,Napco Sec Tech Inc
NSTG,Nanostring Tech
NSYS,Nortech Systems IN
NTAP,Netapp Inc
NTCT,Netscout Systems
NTEC,Intec Pharma Ord Shr
NTES,Netease Inc Ads
NTGN,Neon Therapeutics Inc
NTGR,Netgear Inc
NTIC,Northern Technologies Intl Corp
NTLA,Intellia Thera CS
NTNX,Nutanix Inc
NTRA,Natera Inc
NTRP,Neurotrope Inc
NTRS,Northern Trust Corp
NTRSO,Northern Trust Prf Perpetual USD Dpsh Rp1/1000Th
NTUS,Natus Medical Inc
NTWK,Netsol Tech Inc
NUAN,Nuance Communicatns
NURO,Neurometrix Inc
NUROW,Neurometrix Inc WT
NUVA,Nuvasive Inc
NVAX,Novavax Inc
NVCN,Neovasc Inc
NVCR,Novocure Ltd Ord Sh
NVDA,Nvidia Corp
NVEC,Nve Corp
NVEE,Nv5 Global
NVFY,Nova Lifestyle Inc
NVIV,Invivo Therapeutics Holdings Corp
NVMI,Nova Measuring Instr
NVUS,Novus Therapeutics Inc
NWBI,Northwest Bancshares
NWFL,Norwood Financial Cp
NWGI,Newgioco Group Inc
NWL,Newell Rubbermaid Inc
NWLI,Natl Wstrn Life Gp A
NWPX,Northwest Pipe Company
NWS,News Cp Cl B
NWSA,News Cp Cl A
NXGN,Nextgen Healthcare Inc
NXPI,Nxp Semiconductors
NXST,Nexstar Broadcasting
NXTC,Nextcure Inc
NXTD,Nxt-Id Inc
NXTG,Nasdaq Smartphone Index Fund FT
NYMT,New York Mtge Trust
NYMTM,New York Mortgage Trust Inc Fxdfr Prf Perpetual
NYMTN,New York Mortgage Trust Inc 8.00% Series D
NYMTO,New York Mort 7.875
NYMTP,New York Mrtg 7.75 B
NYMX,Nymox Pharm Corp
OAS,Oasis Petroleum Inc
OBAS,Optibase Ltd
OBCI,Ocean Bio Chem Inc
OBLN,Obalon Therapeutics Inc
OBNK,Origin Bancorp Inc
OBSV,Obseva Sa
OCC,Optical Cable Corp
OCCI,Ofs Credit Company Inc
OCCIP,Ofs Credit Co. Inc Pfd Ser A
OCFC,Oceanfirst Finl Corp
OCGN,Ocugen Inc
OCSI,Oaktree Strategic Income Corp
OCSL,Oaktree Specialty Lending Corp
OCUL,Ocular Therapeut
ODFL,Old Dominion Freight Line Inc.
ODP,Office Depot
ODT,Odonate Therapeutics Inc
OESX,Orion Energy Syst
OFED,Oconee Fed Fin Corp
OFIX,Orthofix Intl NV
OFLX,Omega Flex Inc
OFS,Ofs Capital Corp
OFSSI,Ofs Capital Corp 5.95% Notes Due 2026
OFSSL,Ofs Capital Corp 6.375% Notes Due 2025
OFSSZ,Ofs Capital Corp 6.50% Notes Due 2025
OGI,Organigram Hlds Inc
OIIM,O2Micro Intl Ltd
OKTA,Okta Inc Cl A
OLD,Long-Term Care ETF
OLED,Universal Display
OLLI,Ollies Bargain CS
OMAB,Grupo Aeroportuario
OMCL,Omnicell Inc
OMER,Omeros Corp
OMEX,Odyssey Marine Expl
OMP,Oasis Midstream Partners LP
ON,On Semiconductor
ONB,Old National Bncp
ONCS,Oncosec Medical
ONCT,Oncternal Therapeutics Inc
ONCY,Oncolytics Biotech Inc
ONEM,1Life Healthcare Inc
ONEQ,Nasdaq Composite ETF
ONEW,Onewater Marine Inc Cl A
ONTX,Onconova Therapeutic
ONTXW,Onconova Therapeutics Inc
ONVO,Organovo Holdings
OPB,Opus Bank
OPBK,Open Bank
OPCH,Option Care Health Inc
OPES,Opes Acquisition Corp
OPESW,Opes Acquisition Corp WT
OPGN,Opgen Inc
OPGNW,Opgen Inc WT
OPHC,Optimumbank Hlds
OPI,Office Properties Income Trust
OPINI,Office Properties Income Trust
OPK,Opko Health Inc
OPNT,Opiant Pharmaceuticals Inc
OPOF,Old Point Finl Cp
OPRA,Opera Ltd ADR
OPRT,Oportun Financial Corp
OPRX,Optimizerx Corp
OPTN,Optinose Inc
OPTT,Ocean Power Tech Inc
ORBC,Orbcomm Inc
ORGO,Organogenesis Holdings Inc
ORGS,Orgenesis Inc
ORLY,O'Reilly Automotive
ORMP,Oramed Pharma
ORRF,Orrstown Finl Svcs
ORSN,Orisun Acquisition Corp
ORSNR,Orisun Acquisition Corp Right
ORSNU,Orisun Acquisition Corp Unit
ORSNW,Orisun Acquisition Corp WT
ORTX,Orchard Therapeutics Plc ADR
OSBC,Old Second Bancorp
OSIS,O S I Systems Inc
OSMT,Osmotica Pharmaceuticals Plc
OSN,Ossen Innovation Company
OSPN,Onespan Inc
OSS,One Stop Systems Inc
OSTK,Overstock.com Inc
OSUR,Orasure Tech Inc
OSW,Onespaworld Holdings Ltd
OTEL,Otelco Cl A
OTEX,Open Text Cp
OTIC,Otonomy Inc
OTLK,Outlook Therapeutics Inc
OTLKW,Outlook Therapeutics Inc
OTTR,Otter Tail Corp
OTTW,Ottawa Saving Bcp IL
OVBC,Ohio Valley Banc Cp
OVID,Ovid Therapeutics Inc
OVLY,Oak Valley Bancp CA
OXBR,Oxbridge Ord Shrs
OXBRW,Oxbridge WT
OXFD,Oxford Immunotec
OXLC,Oxford Lane Capital
OXLCM,Oxford Lane Capital Corp Pfd Ser 2024
OXLCO,Oxford Lane Cap 7.5
OXLCP,Oxford Lane Capital Corp 6.25% Prf Redeem 28/02/
OXSQ,Oxford Square Capital Corp
OXSQL,Oxford Square Capital Corp 6.50% Note Due 2024
OXSQZ,Oxford Square Capital Corp 6.25% Notes Due 2026
OYST,Oyster Point Pharma Inc
OZK,Bank Ozk
PAAC,Proficient Alpha Acquisition Corp
PAACR,Proficient Alpha Acquisition Corp Rights
PAACU,Proficient Alpha Acquisition Corp Unit
PAACW,Proficient Alpha Acquisition Corp WT
PAAS,Pan Amer Silver Corp
PACB,Pacific Biosciences
PACQ,Pure Acquisition Corp Cl A
PACQU,Pure Acquisition Corp Unit
PACQW,Pure Acquisition Corp WT
PACW,Pacwest Bancorp
PAE,Pae Inc Cl A
PAEWW,Pae Inc WT
PAHC,Phibro Anl Htlh A
PANL,Pangaea Logistics So
PASG,Passage Bio Inc
PATI,Patriot TR HD
PATK,Patrick Inds Inc
PAVM,Pavmed Inc
PAVMW,Pavmed Inc WT
PAVMZ,Pavmed Inc Series Z WT
PAYS,Paysign Inc
PAYX,Paychex Inc
PBBI,Pb Bancorp Inc
PBCT,People's United Finl
PBCTP,Peoples Utd Finl Inc
PBFS,Pioneer Bancorp Inc
PBHC,Pathfinder Bcp MD
PBIP,Prudential Bancorp
PBPB,Potbelly Corp
PBTS,Powerbridge Technologies Co. Ltd
PBYI,Puma Biotechnology
PCAR,Paccar Inc
PCB,Pacific City Finl Cp
PCH,Potlatch Cp
PCOM,Points Intl Ltd
PCRX,Pacira Pharm Inc
PCSB,Pcsb Financial Corp
PCTI,Pc-Tel Inc
PCTY,Paylocity Hld Corp
PCYG,Park City Group
PCYO,Pure Cycle Corp
PDBC,Optimum Yield Diversified Commodity Strategy No
PDCE,Pdc Energy Inc
PDCO,Patterson Companies
PDD,Pinduoduo Inc ADR
PDEV,Principal International Multi-Factor Core Index
PDEX,Pro-Dex Inc
PDFS,Pdf Solutions Inc
PDLB,Pdl Community Bancorp
PDLI,Pdl Biopharma Inc
PDP,DWA Momentum Invesco ETF
PDSB,Pds Biotechnology Corp
PEBK,Peoples Bancorp NC
PEBO,Peoples Bancorp Inc
PECK,The Peck Company Inc
PEGA,Pegasystems Inc
PEIX,Pacific Ethanol Inc
PENN,Penn Natl Gaming Inc
PEP,Pepsico Inc
PERI,Perion Network Ltd
PESI,Perma-Fix Envir
PETQ,Petiq Inc Cl A
PETS,Petmed Express Inc
PETZ,Tdh Holdings Inc
PEY,High Yield Equity Dividend Achievers Invesco ETF
PEZ,DWA Consumer Cyclicals Momentum Invesco ETF
PFBC,Preferred Bank LA
PFBI,Premier Finl Bncp
PFF,US Preferred Stock Ishares ETF
PFG,Principal Financial Group Inc
PFHD,Professional Holding Corp
PFI,DWA Financial Momentum Invesco ETF
PFIE,Profire Energy
PFIN,P F Inds Inc A
PFIS,Peoples Finl Svcs Company
PFLT,Pennantpark Fltng Rt
PFM,Dividend Achievers Invesco ETF
PFMT,Performant Financial
PFPT,Proofpoint Inc
PFSW,Pfsweb Inc
PGC,Peapack Gladstone FI
PGEN,Precigen Inc.
PGJ,Golden Dragon China Invesco ETF
PGNX,Progenics Pharmaceuticals
PGNY,Progyny Inc
PHAS,Phasebio Pharmaceuticals Inc
PHAT,Phathom Pharmaceuticals Inc
PHCF,Puhui Wealth Investment Management Company
PHIO,Phio Pharmaceuticals Corp
PHIOW,Phio Pharmaceuticals Corp WT
PHO,Water Resources Invesco ETF
PHUN,Phunware Inc
PHUNW,Phunware Inc WT
PI,Impinj Inc
PICO,Pico Holdings Inc
PID,Intl Dividend Achievers Invesco ETF
PIE,DWA Emerging Markets Momentum Invesco ETF
PIH,1347 Property Ins
PIHPP,1347 Property Insurance Holdings Inc Pfd Ser A
PINC,Premier Inc Cl A
PIO,Global Water Invesco ETF
PIRS,Pieris Pharma
PIXY,Shiftpixy Inc
PIZ,DWA Developed Markets Momentum Invesco ETF
PKBK,Parke Bancorp Inc
PKOH,Park Ohio Hld Cp
PKW,Buyback Achievers Invesco ETF
PLAB,Photronics Inc
PLAY,Dave & Buster's Ente
PLBC,Plumas Bancorp
PLC,Principal U.S. Large-Cap Multi-Factor Core Index
PLCE,Children's Place Inc
PLIN,China Xiangtai Food Company
PLL,Piedmont Lithium Ltd ADR
PLMR,Palomar Holdings Inc
PLPC,Preformed Line Prd
PLSE,Pulse Biosciences CS
PLUG,Plug Power Inc
PLUS,Eplus Inc
PLW,1-30 Laddered Treasury Invesco ETF
PLXP,Plx Pharma Inc
PLXS,Plexus Cp
PLYA,Playa Hotels & Resorts N.V.
PMBC,Pacific Mercantile
PMD,Psychemedics
PME,Pingtan Marine
PMOM,Principal Sustainable Momentum Index ETF
PNBK,Patriot Natl Bncp
PNFP,Pinnacle Finl Ptnrs
PNNT,Pennantpark Investme
PNNTG,Pennantpark Investment Corp 5.50% Notes D
PNQI,Nasdaq Internet Invesco ETF
PNRG,Primeenergy Cp
PNTG,The Pennant Group Inc
POAI,Predictive Oncology Inc
PODD,Insulet Corp
POLA,Polar Power Inc
POOL,Pool Corp
POPE,Pope Resource Uts
POTX,Global X Cannabis ETF
POWI,Power Integratn
POWL,Powell Inds Inc
PPBI,Pacific Premier Bncp
PPC,Pilgrim's Pride
PPD,Ppd Inc
PPH,Pharmaceutical Vaneck ETF
PPHI,Positive Physicians Holdings Inc
PPIH,Perma-Pipe International Holdings Inc
PPSI,Pioneer Pwr Sol
PRAA,Pra Group Inc
PRAH,Pra Health
PRCP,Perceptron Inc
PRDO,Perdoceo Education Corp.
PRFT,Perficient Inc
PRFZ,FTSE RAFI US 1500 Small- Mid Invesco ETF
PRGS,Progress Software
PRGX,Prgx Global Inc
PRIM,Primoris Services Cp
PRN,DWA Industrials Momentum Invesco ETF
PRNB,Principia Biopharma Inc
PROF,Profound Medical Corp
PROV,Provident Financial
PRPH,Prophase Labs Inc
PRPL,Purple Innovation Inc
PRPO,Precipio Inc
PRQR,Proqr Therapeutics
PRSC,Providence Svc Cp
PRTA,Prothena Corp
PRTH,Priority Techno Holdings Inc
PRTK,Paratek Pharma Inc
PRTS,U.S. Auto Parts Netw
PRVB,Provention Bio Inc
PRVL,Prevail Therapeutics Inc
PS,Pluralsight Inc Cl A
PSC,Resources Prospect Ltd
PSCC,S&P Smallcap Consumer Staples Invesco ETF
PSCD,S&P Smallcap Consumer Discretionary Invesco ETF
PSCE,S&P Smallcap Energy Invesco ETF
PSCF,S&P Smallcap Financials Invesco ETF
PSCH,S&P Smallcap Health Care Invesco ETF
PSCI,S&P Smallcap Industrials Invesco ETF
PSCM,S&P Smallcap Materials Invesco ETF
PSCT,S&P Smallcap Information Technology Invesco ETF
PSCU,S&P Smallcap Utilities Invesco ETF
PSEC,Prospect Capital Cp
PSET,Principal Price Setters ETF
PSHG,Performance Shipping Inc.
PSL,DWA Consumer Staples Momentum Invesco ETF
PSM,Principal U.S. Small-Midcap Multi-Factor Core IN
PSMT,Pricesmart Inc
PSNL,Personalis Inc
PSTI,Pluristem Therapeutc
PSTV,Plus Therapeutics Inc
PSTVZ,Plus Therapeutics Inc WT
PT,Pintec Technology Holdings Ltd ADR
PTAC,Proptech Acquisition Corporation Cl A
PTACU,Proptech Acquisition Corp
PTACW,Proptech Acquisition Corporation WT
PTC,Ptc Inc
PTCT,Ptc Therapeutics
PTE,Polarityte Inc
PTEN,Patterson-Uti Energy
PTF,DWA Technology Momentum Invesco ETF
PTGX,Protagonist Therapeutics Inc
PTH,DWA Healthcare Momentum Invesco ETF
PTI,Proteostasis Ther
PTLA,Portola Pharma
PTMN,Portman Ridge Finance Corp
PTNR,Partner Comm Co. Ltd
PTON,Peloton Interactive Inc
PTSI,P A M Transport Sv
PTVCA,Protective Insurance Corp Cl A
PTVCB,Protective Insurance Corp Cl B
PUB,Peoples Utah
PUI,DWA Utilities Momentum Invesco ETF
PULM,Pulmatrix Inc
PUYI,Puyi Inc ADR
PVAC,Penn VA Corp
PVAL,Principal Contrarian Value Index ETF
PVBC,Provident Bancorp CS
PWFL,Powerfleet Inc
PWOD,Penns Woods Bancorp
PXI,DWA Energy Momentum Invesco ETF
PXLW,Pixelworks Inc
PXS,Pyxis Tankers
PY,Principal Shareholders Yield ETF
PYPL,Paypal Holdings
PYZ,DWA Basic Materials Momentum Invesco ETF
PZZA,Papa John's Intl
QABA,Qtec First Trust ETF
QADA,Qad Inc
QADB,Q A D Inc Cl B
QAT,Qatar Ishares MSCI ETF
QBAK,Qualstar Corp
QCLN,Nasdaq Clean Edge Green Energy Index Fund FT
QCOM,Qualcomm Inc
QCRH,Qcr Holdings Inc
QDEL,Quidel Cp
QFIN,360 Finance Inc ADR
QIWI,Qiwi Plc ADR
QK,Q&K International Group Ltd ADR
QLYS,Qualys Inc
QMCO,Quantum Corp
QNST,Quinstreet Inc
QQEW,Nasdaq-100 EW Index Fund FT
QQQ,Nasdaq QQQ Invesco ETF
QQQX,Nuveen Nasdaq 100
QQXT,Nasdaq-100 Ex-Tech Sector Indexsm Fund FT
QRHC,Quest Resource
QRTEA,Qurate Retail Group
QRTEB,Liberty Int Qvc Sr B
QRVO,Qorvo Inc
QTEC,Nasdaq-100 Technology Index Fund FT
QTNT,Quotient Ltd Ord
QTRX,Quanterix Corp
QTT,Qutoutiao Inc ADR
QUIK,Quicklogic Corp
QUMU,Qumu Corp
QURE,Uniqure N.V.
QYLD,Horizons Nasdaq-100 Covered Call ETF
RADA,Rada Electr Inds Ltd
RAIL,Freightcar America
RAND,Rand Capital Cp
RAPT,Rapt Therapeutics Inc
RARE,Ultragenyx Pharmaceu
RARX,Ra Pharmaceuticals Inc
RAVE,Rave Restaurant Group
RAVN,Raven Industries Inc
RBB,Rbb Bancorp
RBBN,Ribbon Communications Inc
RBCAA,Republic Bancorp Inc
RBCN,Rubicon Technology
RBKB,Rhinebeck Bancorp Inc
RBNC,Reliant Bancorp Inc
RBZ,Reebonz Holding Ltd
RCEL,Avita Medical Ltd ADR
RCII,Rent-A-Center Inc
RCKT,Rocket Pharmaceuticals Inc
RCKY,Rocky Brands Inc
RCM,R1 Rcm Inc
RCMT,R C M Tech Inc
RCON,Recon Technology Ltd
RDCM,Radcom Ltd
RDFN,Redfin Corp
RDHL,Redhill Biophrma ADR
RDI,Reading Intl Cl A
RDIB,Reading International Inc Cl B
RDNT,Radnet Inc
RDUS,Radius Health
RDVT,Red Violet Inc
RDVY,Rising Dividend Achievers ETF FT
RDWR,Radware Ltd
REAL,The Realreal Inc
RECN,Resources Connect
REDU,Rise Education Cayman Ltd ADR
REED,Reeds Inc
REFR,Research Frontiers
REG,Regency Centers Corp
REGI,Renewable Energy
REGN,Regeneron Pharmaceuticals
REKR,Rekor Systems Inc
RELL,Richardson Electrncs
RELV,Reliv Intl Inc
REPH,Recro Pharma Inc
REPL,Replimune Group Inc
RESN,Resonant Inc
RETA,Reata Pharma
RETO,Reto Eco-Solutions Inc
REXN,Rexahn Pharmaceuticals
REYN,Reynolds Consumer Products Inc
RFAP,Riverfront Dyn Asia Pacific ETF FT
RFDI,Riverfront Dyn Developed Intl ETF FT
RFEM,Riverfront Dyn Emerging Markets ETF FT
RFEU,Riverfront Dyn Europe ETF FT
RFIL,RF Industries Ltd
RGCO,Rgc Resources Inc
RGEN,Repligen Cp
RGLD,Royal Gold Inc
RGLS,Regulus Therapeutics
RGNX,Regenxbio Inc
RGP,Resources Connection Inc.
RIBT,Ricebran Technologie
RICK,RCI Hospitality Hold
RIGL,Rigel Pharmaceuticals
RILY,B. Riley Financl
RILYG,B. Riley Financial Inc 7.25% Senior Notes Due
RILYH,B. Riley Financial Inc 7.375% Senior Notes Due
RILYI,B. Riley Financial Inc 6.875% Senior Notes Due
RILYM,B. Riley Financial Inc 6.375% Senior Notes Due
RILYN,B. Riley Financial Inc 6.50% Senior Notes Due 2
RILYO,B. Riley Financial Inc 6.75% Senior Notes Due
RILYP,B. Riley Financial Inc
RILYZ,B. Riley Financial Inc 7.50% Senior Notes Due
RING,Global Gold Miners Ishares MSCI ETF
RIOT,Riot Blockchain Inc
RIVE,Riverview Financial Corp
RKDA,Arcadia Bio
RLMD,Relmada Therapeutics Inc
RMBI,Richmond Mutual Bancorp Inc
RMBL,Smart Server Inc
RMBS,Rambus Inc
RMCF,Rocky MT Chocolate
RMNI,Rimini Street Inc
RMR,The Rmr Grp A
RMTI,Rockwell Medical IN
RNDB,Randolph Bancorp Inc
RNDM,First Trust Exchange-Traded Fund Vi First Trust
RNDV,First Trust Exchange-Traded Fund Vi First Trust
RNEM,First Trust Exchange-Traded Fund Vi First Trust
RNET,Rignet Inc
RNLC,First Trust Exchange-Traded Fund Vi First Trust
RNMC,First Trust Exchange-Traded Fund Vi Mid Cap US E
RNSC,First Trust Exchange-Traded Fund Vi First Trust
RNST,Renasant Corp
RNWK,Realnetworks Inc
ROAD,Construction Partners Inc Cl A
ROBT,FT Nasdaq Artificial Intelligence and Robotics E
ROCK,Gibraltar Ind Inc
ROIC,Retail Opp Invts Cp
ROKU,Roku Inc
ROLL,RBC Bearings Incorp
ROSE,Rosehill Resources Inc
ROSEU,Rosehill Resources Inc Unit
ROSEW,Rosehill Resources Inc
ROST,Ross Stores Inc
RP,Realpage Inc
RPAY,Repay Holdings Corp Cl A
RPD,Rapid7 Inc
RRBI,Red River Bancshares Inc
RRGB,Red Robin Gourmet Burgers Inc
RRR,Red Rock Resorts Inc
RSSS,Derycz Scientific
RTH,Retail ETF Vaneck
RTIX,Rti Surgical Inc
RTLR,Rattler Midstream LP Common Units
RTRX,Retrophin Inc
RTTR,Ritter Pharmac. Com
RUBY,Rubius Therapeutics Inc
RUHN,Ruhnn Holding Ltd ADR
RUN,Sunrun Inc
RUSHA,Rush Entpr Cl A
RUSHB,Rush Entpr Cl B
RUTH,Ruth's Hospitality
RVMD,Revolution Medicines Inc
RVNC,Revance Therapeutics
RVSB,Riverview Bancorp
RWLK,Rewalk Roboti Ord Sh
RYAAY,Ryanair Hlds Plc
RYTM,Rhythm Pharmaceuticals Inc
SABR,Sabre Corp
SAEX,Saexploration Hlds
SAFM,Sanderson Farms IN
SAFT,Safety Ins Group Inc
SAGE,Sage Therapeutic Com
SAIA,Saia Inc
SAL,Salisbury Bancorp
SALM,Salem Media Grp Inc
SAMA,Schultze Special Purpose Acquisition Corp
SAMAU,Schultze Special Purpose Acquisition Corp Unit
SAMAW,Schultze Special Purpose Acquisition Corp WT
SAMG,Silvercrest Ast Cm A
SANM,Sanmina Corp
SANW,S&W Seed Company
SAQN,Software Acquisition Group Inc Cl A
SAQNU,Software Acquisition Group Inc
SAQNW,Software Acquisition Group Inc WT
SASR,Sandy Spring Bancorp
SATS,Echostar Corp
SAVA,Cassava Sciences Inc
SBAC,SBA Communications
SBBP,Strongbridge Bio Ord
SBBX,Sussex Bancorp
SBCF,Seacoast Banking Cp
SBFG,Sb Financial Group
SBGI,Sinclair Brdcst A
SBLK,Star Bulk Carriers
SBLKZ,Star Bulk Carriers Corp 8.30% Senior Notes Due
SBNY,Signature Bank
SBPH,Spring Bank Ph CS
SBRA,Sabra REIT
SBSI,Southside Bancshares
SBT,Sterling Bancorp Inc [Southfield Mi]
SBUX,Starbucks Corp
SCHL,Scholastic Cp
SCHN,Schnitzer Steel A
SCKT,Socket Mobile
SCON,Superconductor Tech
SCOR,Comscore Inc
SCPH,SC Pharmaceuticals Inc
SCPL,Sciplay Corp Cl A
SCSC,Scansource Inc
SCVL,Shoe Carnival Inc
SCWX,Secureworks Corp CS
SCYX,Scynexis Inc
SCZ,EAFE Small-Cap Ishares MSCI ETF
SDC,Smiledirectclub Inc
SDG,Ishares MSCI Global Impact ETF
SDGR,Schrodinger Inc
SDVY,FT Smid Cap Rising Dividend Achievers ETF
SEAC,Sea Change Intl IN
SECO,Secoo Holding ADR
SEDG,Solaredge Tech
SEED,Origin Agritech Ltd
SEEL,Seelos Therapeutics Inc
SEIC,Sei Investments Company
SELB,Selecta Biosciences
SELF,Global Self Storage
SENEA,Seneca Foods Cp A
SENEB,Seneca Foods Cp B
SES,Synthesis Energy Sys
SESN,Sesen Bio Inc
SFBC,Sound Financial
SFBS,Servisfirst Bancs
SFET,Safe-T Group Ltd ADR
SFIX,Stitch Fix Inc
SFM,Sprouts Farmers Mark
SFNC,Simmons First Natl
SFST,Southern First Bancs
SG,Sirius International Insurance Group
SGA,Saga Communications
SGBX,Sg Blocks Inc
SGC,Superior Uniform Group
SGEN,Seattle Genetics Inc
SGH,Smart Global Holdings Inc
SGLB,Sigma Labs Inc
SGLBW,Sigma Labs Inc WT
SGMA,Sigmatron Intl Inc
SGMO,Sangamo Therapeutics
SGMS,Scientific Games
SGOC,Sgoco Group Ltd
SGRP,Spar Group Inc
SGRY,Surgery Partners CS
SHBI,Shore Bancshares Inc
SHEN,Shenandoah Telecom
SHIP,Seanergy Maritime Hl
SHIPW,Seanergy Maritime Holdings Corp Cl A WT
SHIPZ,Seanergy Maritime Holdings Corp Cl B WT
SHLO,Shiloh Inds Inc
SHOO,Steven Maddens Ltd
SHSP,Sharpspring Inc
SHV,Short Treasury Bond Ishares ETF
SHY,1-3 Year Treasury Bond Ishares ETF
SIBN,Si-Bone Inc
SIC,Select Interior Concepts Inc Cl A
SIEB,Siebert Fin Cp
SIEN,Sientra Inc
SIFY,Sify Techs Ltd Ads
SIGA,Siga Technologies Inc
SIGI,Selective Ins Group
SILC,Silicom Ltd
SILK,Silk Road Medical Inc
SIMO,Silicon Motion Techn
SINA,Sina Corp
SINO,Sino-Global Shipping
SINT,Sintx Technologies Inc
SIRI,Sirius XM Holdings
SITM,Sitime Corp
SIVB,Svb Financial Group
SIVBP,Svb Financial Group 5.25% Prf Perpetual USD 25 1
SKOR,Flexshares Credit Scored US Corp Bond
SKYS,Sky Solar Holdings
SKYW,Skywest Inc
SKYY,Cloud Computing ETF FT
SLAB,Silicon Labs Inc
SLCT,Select Bancorp Inc
SLDB,Solid Biosciences Inc
SLGG,Super League Gaming Inc
SLGL,Sol-Gel Technologies Ltd
SLGN,Silgan Holdings
SLM,SLM Corp
SLMBP,SLM Cp Srs B Pfd
SLNO,Soleno Therapeutics Inc
SLP,Simulations Plus Inc
SLQD,0-5 Year Invst Grade Corp Bond Ishares ETF
SLRC,Solar Capital
SLRX,Salarius Pharmaceuticals Inc
SLS,Sellas Life Sciences Group Inc
SLVO,CS X-Links Silver Share
SMBC,Southern MO Bancorp
SMBK,Smartfinancial Inc
SMCI,Super Micro Computer
SMCP,Alphamark Actmg Smallcap ETF
SMED,Sharps Compliance
SMH,Semiconductor Vaneck ETF
SMIT,Schmitt Inds Inc
SMMC,South Mountain Merger Corp Cl A
SMMCU,South Mountain Merger Corp Unit
SMMCW,South Mountain Merger Corp WT
SMMF,Summit Financial Gp
SMMT,Summit Therapeu ADR
SMPL,The Simply Good Foods Company
SMRT,Stein Mart Inc
SMSI,Smith Micro Software
SMTC,Semtech Corp
SMTX,Smtc Corp
SNBR,Sleep Number Corp
SNCA,Seneca Biopharm Inc.
SNCR,Synchronoss Technolo
SND,Smart Sand Inc
SNDE,Sundance Energy Australia Ltd
SNDL,Sundial Growers Inc
SNDX,Syndax Pharma
SNES,Senestech Inc
SNFCA,Security Natl Finl
SNGX,Soligenix Inc
SNGXW,Soligenix Inc WT
SNLN,Pyxis/Iboxx Senior Loan ETF
SNOA,Sonoma Pharmaceuticals Inc
SNPS,Synopsys Inc
SNSR,G-X Internet of Things Thematic ETF
SNSS,Sunesis Pharmaceutic
SNUG,Merlyn.Ai Tactical Growth & Income ETF
SNY,Sanofi-Aventis S.A.
SOCL,G-X Social Media ETF
SOHO,Sotherly Hotels
SOHOB,Sotherly Hotels Inc 8.0% Series B Cumulative Re
SOHON,Sotherly Hotels Inc Perp Pfd Ser D
SOHOO,Sotherly Hotels LP
SOHU,Sohu.com Inc
SOLO,Electrameccanica Vehs Corp
SOLOW,Electrameccanica Vehicles Corp Ltd WT
SOLY,Soliton Inc
SONA,Southern National Bk
SONG,Akazoo S.A.
SONGW,Akazoo S.A. WT
SONM,Sonim Technologies Inc
SONN,Sonnet Biotherapeutics Holdings Inc.
SONO,Sonos Inc
SORL,Sorl Auto Parts Inc
SOXX,PHLX Semiconductor Ishares ETF
SP,SP Plus Corp
SPAR,Spartan Motors Inc
SPCB,Supercom Ltd
SPFI,South Plains Financial Inc
SPI,Spi Energy Co. Ads
SPKE,Spark Energy
SPKEP,Spark Energy Inc
SPLK,Splunk Inc
SPNE,Seaspine Holdings
SPNS,Sapiens Intl Cp NV
SPOK,Spok Holdings Inc
SPPI,Spectrum Pharma Inc
SPRO,Spero Therapeutics Inc
SPRT,Support.com Inc
SPSC,Sps Commerce Inc
SPT,Sprout Social Inc Cl A
SPTN,Spartannash Company
SPWH,Sportsman's Wareh
SPWR,Sunpower Corp
SQBG,Sequential Brands
SQLV,Legg Small-Cap Quality Value ETF
SQQQ,Ultrapro Short QQQ Proshares
SRAC,Stable Road Acquisition Corp. Cl A
SRACU,Stable Road Acquisition Corp
SRACW,Stable Road Acquisition Corp. WT
SRAX,Social Reality Inc
SRCE,1st Source Corp
SRCL,Stericycle Inc
SRDX,Surmodics Inc
SRET,G-X Super Dividend REIT ETF
SREV,Servicesrce Intl Inc
SRNE,Sorrento Therpt
SRPT,Sarepta Therapeutics
SRRA,Sierra Oncology Inc
SRRK,Scholar Rock Holding Corp
SRTS,Sensus Healthcare Inc
SRTSW,Sensus Healthcare Inc WT
SSB,South State Cp
SSBI,Summit State Bank
SSKN,Strata Skin Scien
SSNC,SS&C Technologies
SSNT,Silversun Technologies Inc Cl A
SSP,E.W. Scripps Company
SSPK,Silver Spike Acquisition Corp Cl A
SSPKU,Silver Spike Acquisition Corp Units
SSPKW,Silver Spike Acquisition Corp WT
SSRM,Silver Standard Resources Inc
SSSS,Sutter Rock Capital Corp
SSTI,Shotspotter Inc
SSYS,Stratasys Ltd
STAA,Staar Surgical Company
STAF,Staffing 360 Solutions Inc
STAY,Extended Stay America Inc
STBA,S&T Bancorp Inc
STCN,Steel Connect Inc
STFC,State Auto Finl Corp
STIM,Neuronetics Inc
STKL,Sunopta Inc
STKS,The One Group
STLD,Steel Dynamics Inc
STML,Stemline Therapeutic
STMP,Stamps.com Inc
STND,Standard Financial
STNE,Stoneco Ltd Cl A
STOK,Stoke Therapeutics Inc
STRA,Strayer Education
STRL,Sterling Constructio
STRM,Streamline Health So
STRO,Sutro Biopharma Inc
STRS,Stratus Pptys Inc
STRT,Strattec Security
STSA,Satsuma Pharmaceuticals Inc
STX,Seagate Tech Ord Shs
STXB,Spirit of Texas Bancshares Inc
SUMR,Summer Infant Inc
SUNS,Solar Senior Capital
SUNW,Sunworks Inc
SUPN,Supernus Pharm
SURF,Surface Oncology Inc
SUSB,1-5 Year USD Corp Bond Ishares ESG ETF
SUSC,USD Corp Bond Ishares ESG ETF
SUSL,Ishares ESG MSCI USA Leaders ETF
SVBI,Severn Bancorp Inc
SVC,Service Properties Trust
SVMK,Svmk Inc
SVRA,Savara Inc
SVVC,Firsthand Technology
SWAV,Shockwave Medical Inc
SWIR,Sierra Wireless IN
SWKH,Swk Holdings Corp
SWKS,Skyworks Solutions
SWTX,Springworks Therapeutics Inc
SXTC,China Sxt Pharmaceuticals Inc
SY,So-Young International Inc ADR
SYBT,Stock Yards Bancorp
SYBX,Synlogic Inc
SYKE,Sykes Enterprises
SYNA,Synaptics Inc
SYNC,Synacor Inc
SYNH,Syneos Health Inc
SYNL,Synalloy Cp
SYPR,Sypris Solutions
SYRS,Syros Pharmaceuticals
TA,Travelcenters of America Llc
TACO,Del Taco Rest
TACOW,Del Taco Rest WT
TACT,Transact Tech Inc
TAIT,Taitron Components
TANH,Tantech Holdings
TANNI,Travelcenters of America Llc
TANNL,Travelcenters of America Llc
TANNZ,Travelcenters of America Llc
TAOP,Taoping Inc
TARA,Artara Therapeutics Inc.
TAST,Carrols Rstrnt Group
TATT,T A T Tech Ltd
TAYD,Taylor Devices Inc
TBBK,The Bancorp Inc
TBIO,Translate Bio Inc
TBK,Triumph Bancorp
TBLT,Toughbuilt Industries Inc
TBLTW,Toughbuilt Industries Inc WT
TBNK,Territorial Bancorp
TBPH,Theravance Bio Ord
TC,Tuanche Ltd ADR
TCBI,Texas Capital Bncsh
TCBIL,Texas Cap 6.5 Sr NTS
TCBIP,Texas Capital
TCBK,Trico Bancshares
TCCO,Technical Commctn Cp
TCDA,Tricida Inc
TCF,TCF Financial Corp
TCFC,The Community Fin Cp
TCFCP,TCF Financial Corp
TCMD,Tactile Systems Technology Inc
TCOM,Trip.com Group Ltd
TCON,Tracon Pharma
TCPC,TCP Capital Corp
TCRD,THL Credit Inc
TCRR,Tcr2 Therapeutics Inc
TCX,Tucows Inc Cl A
TDAC,Trident Acquisitions Corp
TDACU,Trident Acquisitions Corp Units
TDACW,Trident Acquisitions Corp WT
TDIV,Nasdaq Technology Dividend Index Fund FT
TEAM,Atlassian Cls A Ord
TECD,Tech Data Cp
TECH,Bio-Techne Cp
TECTP,Tectonic Financial Inc 9.00% Fixed-To-Floating
TEDU,Tarena Intl ADR
TELA,Tela Bio Inc
TELL,Tellurian Inc
TENB,Tenable Holdings Inc
TENX,Tenax Therapeutics
TER,Teradyne Inc
TERP,Terraform Power Inc
TESS,Tessco Tech Inc
TEUM,Pareteum Corp
TFFP,Tff Pharmaceuticals Inc
TFSL,Tfs Financial Corp
TGA,Transglobe Energy Cp
TGEN,Tecogen Inc
TGLS,Tecnoglass Inc
TGTX,Tg Therapeuticscmn
TH,Target Hospitality Corp
THBR,Thunder Bridge Acquisition II Cl A
THBRU,Thunder Bridge Acquisition II Ltd. Units
THBRW,Thunder Bridge Acquisition II WT
THCA,Tuscan Holdings Corp II
THCAU,Tuscan Holdings Corp II Unit
THCAW,Tuscan Holdings Corp II WT
THCB,Tuscan Holdings Corp
THCBU,Tuscan Holdings Corp Unit
THCBW,Tuscan Holdings Corp WT
THFF,First Finl Corp [In]
THMO,Thermogenesis Holdings Inc.
THRM,Gentherm Inc
THTX,Theratechnologies Inc
THWWW,Target Hospitality Corp WT
TIGO,Millicom International Cellular S.A.
TIGR,Up Fintech Holding Ltd ADR
TILE,Interface Inc
TIPT,Tiptree Fncl Cl A
TITN,Titan Machinery Inc
TIVO,Tivo Corp
TLC,Taiwan Liposome Company Ltd ADR
TLF,Tandy Leather Fctry
TLGT,Teligent
TLND,Talend S.A.
TLRY,Tilray Inc
TLSA,Tiziana Life Sciences Plc ADR
TLT,20+ Year Treas Bond Ishares ETF
TMDI,Titan Medical Inc
TMDX,Transmedics Group Inc
TMSR,Tmsr Holding Company Ltd
TMUS,T-Mobile US
TNAV,Telenav Inc
TNDM,Tandem Diabetes Care
TNXP,Tonix Pharm Hld
TOCA,Tocagen Inc
TOPS,Top Ships Inc
TORC,Restorbio Inc
TOTA,Tottenham Acquisition I Ltd
TOTAR,Tottenham Acquisition I Ltd Right
TOTAW,Tottenham Acquisition I Ltd WT
TOUR,Tuniu Corporatio Ads
TOWN,Towne Bank
TPCO,Tribune Publishing Company
TPIC,Tpi Composites Inc
TPTX,Turning Point Therapeutics Inc
TQQQ,Ultrapro QQQ Proshares
TRCH,Torchlight Energy
TREE,Lendingtree Inc
TRHC,Tabula Rasa Healthcare Inc
TRIB,Trinity Bio ADR
TRIL,Trillium Therapeutic
TRIP,Tripadvisor Inc
TRMB,Trimble Navigation
TRMD,Torm Plc Cl A
TRMK,Trustmark Corp
TRMT,Tremont Mortgage Trust
TRNS,Transcat Inc
TRNX,Taronis Technologies Inc
TROV,Trovagene Inc
TROW,T Rowe Price Group
TRPX,Therapix Biosciences Ltd
TRS,Trimas Corp
TRST,Trustco Bank Corp NY
TRUE,Truecar Inc
TRUP,Trupanion Inc
TRVG,Trivago NV
TRVI,Trevi Therapeutics Inc
TRVN,Trevena Inc
TSBK,Timberland Bancorp
TSC,Tristate Capital Hld
TSCAP,Tristate Capital Holdings Inc Dep Shs Repstg 1/4
TSCBP,Tristate Capital Holdings Inc Fxdfr Prf Perpet
TSCO,Tractor Supply Company
TSEM,Tower Semiconductor
TSG,The Stars Group Inc
TSLA,Tesla Inc
TSRI,T S R Inc
TTD,Trade Desk Inc
TTEC,Teletech Hlds
TTEK,Tetra Tech Inc
TTGT,Techtarget Inc
TTMI,TTM Technologies
TTNP,Titan Pharma
TTOO,T2 Biosystems CS
TTPH,Tetraphase Pharmaceu
TTTN,Tigershares China-U.S. Internet Titans ETF
TTWO,Take-Two Interacti
TUES,Tuesday Morning Company
TUR,Turkey Ishares MSCI ETF
TURN,180 Degree Capital Corp
TUSA,Total US Market Alphadex ETF FT
TUSK,Mammoth Energy Services Inc
TVIX,VS 2X VIX Short Term
TVTY,Tivity Health
TW,Tradeweb Markets Inc
TWIN,Twin Disc Inc
TWMC,Trans World Entertainment Corp
TWNK,Hostess Brands Inc
TWNKW,Gores Holdings WT
TWOU,2U Inc
TWST,Twist Bioscience Corp
TXG,10X Genomics Inc
TXMD,Therapeuticsmd Inc
TXN,Texas Instruments
TXRH,Texas Roadhouse Inc
TYHT,Shineco Inc
TYME,Tyme Technologies
TZAC,Tenzing Acquisition Corp
TZACU,Tenzing Acquisition Corp Units
TZACW,Tenzing Acquisition Corp WT
TZOO,Travelzoo Inc
UAE,UAE Ishares MSCI ETF
UAL,United Continental Holdings
UBCP,United Bncp Inc
UBFO,United Security Bcsh
UBIO,Ultrapro Biotechnology Proshares
UBOH,United Bancshares
UBSI,United Bkshs Inc
UBX,Unity Biotechnology Inc
UCBI,United Comm Banks
UCTT,Ultra Clean Holdings
UEIC,Universal Elect IN
UEPS,Net 1 Ueps Techs Inc
UFCS,United Fire Group
UFO,Procure Space ETF
UFPI,Universal Forest Prd
UFPT,U F P Tech Inc
UG,United Guardian Inc
UGLD,VS 3X Gold
UHAL,A M E R C O
UIHC,United Insurance Hld
ULBI,Ultralife Corp
ULH,Universal Logis Hld
ULTA,Ulta Beauty Inc
UMBF,Ump Financial Corp
UMPQ,Umpqua Holdings Corp
UMRX,Unum Therapeutics Inc
UNAM,Unico American Cp
UNB,Union Bankshares Inc
UNIT,Uniti Group Inc
UNTY,Unity Bancorp Inc
UONE,Urban One Inc
UONEK,Urban One Inc
UPLD,Upland Software Inc
UPWK,Upwork Inc
URBN,Urban Outfitters Inc
URGN,Urogen Pharma Ltd
UROV,Urovant Sciences Ltd
USAK,U S A Truck Inc
USAP,Universal Stainles
USAU,U.S. Gold Corp
USCR,U S Concrete Inc
USEG,U S Energy Corp
USIG,Broad USD Investment Gr. Corp Bond Ishares ETF
USIO,Usio Inc
USLB,Russell 1000 Low Beta EW Invesco ETF
USLM,U S Lime & Mineral
USLV,VS 3X Silver
USMC,Principal U.S. Mega-Cap Multi-Factor Index ETF
USOI,Credit Suisse Ag Credit Suisse X-Links Crude Oil
USWS,U.S. Well Services Inc
USWSW,U.S. Well Services Inc WT
UTHR,United Therapeutic
UTMD,Utah Medical Prod
UTSI,Utstarcom Holdings C
UVSP,Univest Corp of Penn
UXIN,Uxin Ltd Ads
VALU,Value Line Inc
VALX,Validea Market Legends ETF
VBFC,Village Bank & Trust
VBIV,Vbi Vaccines Inc CS
VBLT,Vascular Biogen. Ord
VBTX,Veritex Holdings
VC,Visteon Corp
VCEL,Vericel Corproation
VCIT,Interm Corp Bond Vanguard
VCLT,Long-Term Corp Bond Vanguard
VCNX,Vaccinex Inc
VCSH,Sht-Term Corp Bond Vanguard
VCTR,Victory Capital Holdings Inc Cl A
VCYT,Veracyte Inc
VECO,Veeco Instrument
VEON,Veon Ltd
VERB,Verb Technology Company Inc
VERBW,Verb Technology Company Inc WT
VERI,Veritone Inc
VERO,Venus Concept Inc.
VERU,Veru Inc
VERY,Vericity Inc
VETS,Pacer Military Times Best Employers ETF
VFF,Village Farms Intl
VG,Vonage Holdings
VGIT,Interm Govt Bond Vanguard
VGLT,Long-Term Govt Bond Vanguard
VGSH,Sht-Term Govt Bond Vanguard
VIAC,Viacomcbs Inc. Cl B
VIACA,Viacomcbs Inc. Cl A
VIAV,Viavi Solutions
VICR,Vicor Cp
VIE,Viela Bio Inc
VIGI,Intl Div Appreciation ETF Vanguard
VIIX,VS VIX Short Term
VIOT,Viomi Technology Co. Ltd ADR
VIR,Vir Biotechnology Inc
VIRC,Virco MFG Cp
VIRT,Virtu Financial Cm A
VISL,Vislink Technologies Inc
VIVE,Viveve Medical
VIVO,Meridian Bioscience
VKTX,Viking Thera
VKTXW,Viking Theraptcs WT
VLGEA,Village Super Mkt
VLY,Valley National Bancorp
VLYPO,Valley National Bancorp Pfd Series B
VLYPP,Valley National Bancorp Pfd Series A
VMBS,Mortgage-Backed Securities Vanguard
VMD,Viemed Healthcare Inc
VNDA,Vanda Pharmaceuticals
VNET,21Vianet Group Inc
VNOM,Viper Energy LP
VNQI,Global Ex-US Real Estate Vanguard
VOD,Vodafone Grp Plc Ads
VONE,Russell 1000 Vanguard
VONG,Russell 1000 Growth Vanguard
VONV,Russell 1000 Value Vanguard
VOXX,Voxx Intl Corp
VRA,Vera Bradley
VRAY,Viewray Inc
VRCA,Verrica Pharmaceuticals Inc
VREX,Varex Imaging Corp
VRIG,Variable Rate Investment Grade Invesco ETF
VRML,Vermillion Inc
VRNA,Verona Pharma Plc ADR
VRNS,Varonis Systems Inc
VRNT,Verint Systems Inc
VRRM,Verra Mobility Corp
VRSK,Verisk Analytics Inc
VRSN,Verisign Inc
VRTS,Virtus Inv Partners
VRTU,Virtusa Corp
VRTX,Vertex Pharmaceutic
VSAT,Viasat Inc
VSDA,Victory Dividend Accelerator ETF
VSEC,V S E Cp
VSMV,Victory Portfolios II Victoryshares US Multi-Fac
VSTM,Verastem Inc
VTC,Total Corporate Bond Vanguard ETF
VTGN,Vistagen Therap. Com
VTHR,Russell 3000 Vanguard
VTIP,Sht-Term Infl Protected Vanguard
VTIQ,Vectoiq Acquisition Corp
VTIQU,Vectoiq Acquisition Corp Unit
VTIQW,Vectoiq Acquisition Corp WT
VTNR,Vertex Energy
VTSI,Virtra Systems Inc
VTVT,Vtv Theraptcs Cl A
VTWG,Russell 2000 Growth Vanguard
VTWO,Russell 2000 Vanguard
VTWV,Russell 2000 Value Vanguard
VUZI,Vuzix Corp
VVPR,Vivopower International Plc
VVUS,Vivus Inc
VWOB,EM Govt Bond Vanguard
VXRT,Vaxart Inc
VXUS,Total Intl Stock ETF Vanguard
VYGR,Voyager Therapeut
VYMI,Intl High Divd Yld ETF Vanguard
WABC,Westamerica Bancorp
WAFD,Washington Federal
WAFU,Wah Fu Education Group Ltd
WASH,Washington TR Bncorp
WATT,Energous Corp
WB,Weibo Corp Ads
WBA,Walgreens Boots Alliance
WBND,Western Asset Total Return ETF
WCLD,Wisdomtree Cloud Computing Fund
WDAY,Workday Inc
WDC,Western Digital Cp
WDFC,W D 40 Company
WEBK,Wellesley Bncp Inc
WEN,Wendys Company
WERN,Werner Enterprise
WETF,Wisdomtree Invstmnts
WEYS,Weyco Gp Inc
WHF,Whitehorse Finance
WHFBZ,Whitehorse Finance Inc 6.50% Notes Due 2025
WHLM,Wilhelmina Intl
WHLR,Wheeler Real Estate
WHLRD,Wheeler Real Estate Investment Trust Inc
WHLRP,Wheeler REIT B Pfd
WIFI,Boingo Wireless Inc
WILC,G Willi-Food Intl
WIMI,Wimi Hologram Cloud Inc ADR
WINA,Winmark Corp
WINC,Western Asset Short Duration Income ETF
WING,Wingstop Inc
WINS,Wins Finance Holdings Inc
WIRE,Encore Wire Cp
WISA,Summit Semiconductor Inc
WIX,Wix.com Ltd
WKEY,Wisekey International Holding Ltd ADR
WKHS,Workhorse Grp
WLDN,Willdan Group Inc
WLFC,Willis Lease Fin C
WLTW,Willis Towers WT
WMGI,Wright Med Grp NV
WNEB,Western New England Bancorp Inc
WOOD,Global Timber & Forestry Ishares ETF
WORX,Scworx Corp
WPRT,Westport Fuel Systems Inc
WRLD,World Acceptance Cp
WRLS,Pensare Acquisition Corp
WRLSR,Pensare Acquisition Corp 1/10 Stk
WRLSU,Pensare Acquisition Corp
WRLSW,Pensare Acquisition Corp WT
WRTC,Wrap Technologies Inc
WSBC,Wesbanco Inc
WSBF,Waterstone Financial
WSC,Willscot Corp
WSFS,WSFS Financial Corp
WSG,Wanda Sports Group Company Ltd ADR
WSTG,Wayside Technology
WSTL,Westell Technologies
WTBA,West Bancorp
WTER,Alkaline Water Company Inc
WTFC,Wintrust Finl Corp
WTFCM,Wintrust Fin Pref D
WTRE,Watford Holdings Ltd
WTREP,Watford Holdings Ltd. 8.5%
WTRH,Waitr Holdings Inc
WVE,Wave Life Sci Ord Sh
WVFC,Wvs Financial Corp
WVVI,Willamette Valley
WVVIP,Willamette Valley Vineyards IN
WW,Weight Watchers International Inc
WWD,Woodward Inc
WWR,Westwater Resources
WYNN,Wynn Resorts Ltd
XAIR,Beyond Air Inc
XBIO,Xenetic Biosciences Inc
XBIOW,Xenetic Biosciences Inc WT
XBIT,Xbiotech Inc
XCUR,Exicure Inc
XEL,XCEL Energy Inc
XELA,Exela Technologies Inc
XELB,XCEL Brands
XENE,Xenon Pharmaceuticals Inc
XENT,Intersect Ent Inc
XERS,Xeris Pharmaceuticals Inc
XFOR,X4 Pharmaceuticals Inc
XGN,Exagen Inc
XLNX,Xilinx Inc
XLRN,Acceleron Pharma
XNCR,Xencor Inc
XNET,Xunlei Ltd ADR
XOG,Extraction Oil & Gas Inc
XOMA,Xoma Corp
XONE,The Exone Company
XP,XP Inc Cl A
XPEL,Xpel Technologies
XPER,Xperi Corp
XRAY,Dentsply Sirona Inc
XSPA,Xpresspa Group Inc
XT,Exponential Technologies Ishares ETF
XTLB,Xtl Biopharma Ads
YGYI,Youngevity International Inc
YGYIP,Youngevity International Inc 9.75% Series D Cum
YI,111 Inc ADR
YIN,Yintech Investm Ads
YJ,Yunji Inc
YLCO,G-X Yieldco Index ETF
YLDE,Legg Clearbridge Dividend ESG ETF
YMAB,Y-Mabs Therapeutics Inc
YNDX,Yandex N.V.
YORW,York Water Company
YRCW,YRC Worldwide
YTEN,Yield10 Bioscience Inc
YTRA,Yatra Online Inc
YVR,Liquid Media Group Ltd
YY,YY Inc
Z,Zillow Group Cl C
ZAGG,Zagg Inc
ZBIO,Ultrapro Short Biotechnology Proshares
ZBRA,Zebra Technologies
ZCMD,Zhongchao Inc Cl A
ZEAL,Zealand Pharma A/S ADR
ZEUS,Olympic Steel Inc
ZFGN,Zafgen Inc
ZG,Zillow Grp Inc Cl A
ZGNX,Zogenix Inc
ZGYHU,Yunhong International
ZION,Zions Bancorp
ZIONL,Zion Bancorp
ZIONN,Zions Bancorporation N.A. Depositary Shares Each
ZIONO,Zions Bancorporation N.A. Depositary Shares Each
ZIONP,Zions Bancorporation N.A. Depositary Shares Each
ZIONW,Zions Bncrp WT
ZIOP,Ziopharm Oncology IN
ZIV,VS -1X VIX Mid Term
ZIXI,Zix Corp
ZKIN,Zk International Group Co. Ltd
ZLAB,Zai Lab Ltd
ZM,Zoom Video Communications Cl A
ZN,Zion Oil & Gas Inc
ZNGA,Zynga Inc Cl A
ZNTL,Zentalis Pharmaceuticals Inc
ZS,Zscaler Inc
ZSAN,Zosano Pharma
ZUMZ,Zumiez Inc
ZVO,Zovio Inc
ZYNE,Zynerba Pharma CS
ZYXI,Zynex Inc